"G","Archetype","method","power","mean_rank","top_probability","median_p"
"G=5","Type I","ACAT",0.72,2.503,0.37,0.0124937531234383
"G=5","Type I","Fisher",0.494,4.439,0.022,0.0514742628685657
"G=5","Type I","TFisher",0.734,3.379,0.052,0.0169915042478761
"G=5","Type I","minP",0.762,1.703,0.504,0.0124937531234383
"G=5","Type I","Stouffer",0.276,5.5,0.048,0.164167916041979
"G=5","Type I","Omnibus",0.666,3.476,0.004,0.0169915042478761
"G=5","Type II","ACAT",0.304,3.553,0.08,0.123688155922039
"G=5","Type II","Fisher",0.33,3.095,0.154,0.116691654172914
"G=5","Type II","TFisher",0.316,3.78,0.152,0.126936531734133
"G=5","Type II","minP",0.282,3.785,0.262,0.138430784607696
"G=5","Type II","Stouffer",0.326,3.317,0.352,0.129185407296352
"G=5","Type II","Omnibus",0.308,3.47,0,0.120689655172414
"G=5","Type III","ACAT",0.148,3.479,0.064,0.233633183408296
"G=5","Type III","Fisher",0.202,3.208,0.104,0.22463768115942
"G=5","Type III","TFisher",0.15,4.069,0.138,0.26111944027986
"G=5","Type III","minP",0.128,3.848,0.252,0.268865567216392
"G=5","Type III","Stouffer",0.208,2.863,0.442,0.218890554722639
"G=5","Type III","Omnibus",0.188,3.533,0,0.238130934532734
"G=5","Type IV","ACAT",0.528,3.741,0.092,0.0429785107446277
"G=5","Type IV","Fisher",0.566,2.727,0.252,0.0387306346826587
"G=5","Type IV","TFisher",0.536,3.982,0.102,0.0444777611194403
"G=5","Type IV","minP",0.484,4.128,0.18,0.0542228885557221
"G=5","Type IV","Stouffer",0.514,3.079,0.374,0.0477261369315342
"G=5","Type IV","Omnibus",0.536,3.343,0,0.0429785107446277
"G=5","Type V","ACAT",0.946,2.013,0.772,0.00124937531234383
"G=5","Type V","Fisher",0.804,4.333,0.01,0.0149925037481259
"G=5","Type V","TFisher",0.954,4.118,0.01,0.00399800099950025
"G=5","Type V","minP",0.958,1.767,0.198,0.000999500249875062
"G=5","Type V","Stouffer",0.392,5.721,0.01,0.0879560219890055
"G=5","Type V","Omnibus",0.926,3.048,0,0.00299850074962519
"G=20","Type I","ACAT",0.9,1.847,0.71,0.00174912543728136
"G=20","Type I","Fisher",0.502,4.681,0.008,0.0497251374312844
"G=20","Type I","TFisher",0.9,3.229,0.11,0.00549725137431284
"G=20","Type I","minP",0.92,1.835,0.172,0.00249875062468766
"G=20","Type I","Stouffer",0.252,5.915,0,0.171664167916042
"G=20","Type I","Omnibus",0.848,3.493,0,0.00549725137431284
"G=20","Type II","ACAT",0.41,3.836,0.108,0.0729635182408796
"G=20","Type II","Fisher",0.432,2.808,0.274,0.0659670164917541
"G=20","Type II","TFisher",0.486,2.944,0.286,0.056471764117941
"G=20","Type II","minP",0.348,4.227,0.168,0.0954522738630685
"G=20","Type II","Stouffer",0.382,3.904,0.132,0.087456271864068
"G=20","Type II","Omnibus",0.448,3.281,0.032,0.0702148925537231
"G=20","Type III","ACAT",0.196,3.731,0.086,0.17216391804098
"G=20","Type III","Fisher",0.264,3.032,0.16,0.143928035982009
"G=20","Type III","TFisher",0.252,3.639,0.16,0.182658670664668
"G=20","Type III","minP",0.166,4.282,0.194,0.201649175412294
"G=20","Type III","Stouffer",0.266,2.922,0.384,0.141929035482259
"G=20","Type III","Omnibus",0.264,3.394,0.016,0.14367816091954
"G=20","Type IV","ACAT",0.558,3.83,0.098,0.0419790104947526
"G=20","Type IV","Fisher",0.566,2.765,0.286,0.0379810094952524
"G=20","Type IV","TFisher",0.606,3.107,0.268,0.024487756121939
"G=20","Type IV","minP",0.472,4.292,0.17,0.0539730134932534
"G=20","Type IV","Stouffer",0.502,3.851,0.138,0.0499750124937531
"G=20","Type IV","Omnibus",0.568,3.155,0.04,0.0334832583708146
"G=20","Type V","ACAT",0.866,1.868,0.688,0.00149925037481259
"G=20","Type V","Fisher",0.242,4.816,0,0.142428785607196
"G=20","Type V","TFisher",0.804,3.215,0.01,0.0124937531234383
"G=20","Type V","minP",0.908,1.397,0.3,0.00149925037481259
"G=20","Type V","Stouffer",0.108,5.916,0,0.318840579710145
"G=20","Type V","Omnibus",0.704,3.788,0.002,0.0129935032483758
"G=50","Type I","ACAT",0.958,1.574,0.882,0.000499750124937531
"G=50","Type I","Fisher",0.576,4.389,0,0.0337331334332834
"G=50","Type I","TFisher",0.964,3.598,0.064,0.00999500249875063
"G=50","Type I","minP",0.964,1.836,0.048,0.000999500249875062
"G=50","Type I","Stouffer",0.312,5.868,0,0.133933033483258
"G=50","Type I","Omnibus",0.924,3.735,0.006,0.0114942528735632
"G=50","Type II","ACAT",0.444,3.682,0.102,0.0609695152423788
"G=50","Type II","Fisher",0.476,2.795,0.174,0.0539730134932534
"G=50","Type II","TFisher",0.552,2.854,0.34,0.0414792603698151
"G=50","Type II","minP",0.386,4.164,0.174,0.0759620189905048
"G=50","Type II","Stouffer",0.438,4.302,0.07,0.0689655172413793
"G=50","Type II","Omnibus",0.478,3.203,0.14,0.0552223888055972
"G=50","Type III","ACAT",0.2,3.872,0.068,0.166916541729135
"G=50","Type III","Fisher",0.256,3.023,0.166,0.15392303848076
"G=50","Type III","TFisher",0.252,3.573,0.14,0.179910044977511
"G=50","Type III","minP",0.172,4.12,0.268,0.220139930034983
"G=50","Type III","Stouffer",0.27,3.11,0.296,0.157171414292854
"G=50","Type III","Omnibus",0.268,3.302,0.062,0.157421289355322
"G=50","Type IV","ACAT",0.662,3.417,0.138,0.0267366316841579
"G=50","Type IV","Fisher",0.636,2.861,0.196,0.0249875062468766
"G=50","Type IV","TFisher",0.718,3.271,0.282,0.0124937531234383
"G=50","Type IV","minP",0.568,3.989,0.15,0.0379810094952524
"G=50","Type IV","Stouffer",0.582,4.563,0.032,0.0334832583708146
"G=50","Type IV","Omnibus",0.642,2.899,0.202,0.0194902548725637
"G=50","Type V","ACAT",0.918,1.683,0.786,0.000499750124937531
"G=50","Type V","Fisher",0.176,4.794,0,0.218140929535232
"G=50","Type V","TFisher",0.792,3.095,0.004,0.0184907546226887
"G=50","Type V","minP",0.938,1.473,0.21,0.000499750124937531
"G=50","Type V","Stouffer",0.104,5.938,0,0.410794602698651
"G=50","Type V","Omnibus",0.632,4.017,0,0.028735632183908
