"pathway_id","pathway_name","n_genes","acat_p","fisher_p","tfisher_p_analytic","tau_hat","tfisher_stat_hat","minp_p_analytic","stouffer_p_analytic","magma_pvalue","omni_p_analytic","omni_p_analytic_BH","omni_p_global","omni_p_global_BH","omni_p_mvn","omni_p_mvn_BH","omni_p_final","omni_p_final_BH"
"PWY-5884","wax esters biosynthesis I",30,0.00181998352985926,9.35099697931754e-08,3.63541419190483e-11,0.05,64.7539886525078,0.00590685247805566,2.54122249416507e-07,NA,1.81770709595241e-10,5.83483977800725e-08,NA,NA,0.0008999100089991,0.288871112888711,0.0008999100089991,0.288871112888711
"PWY-5064","chlorophyll <i>a</i> biosynthesis II",2,0.00416919239776084,0.0135168764521105,0.00407718766936993,0.005,1.79383981105729,0.00407408062484297,0.0118594929403311,NA,0.0202050966397879,0.999827697829937,NA,NA,0.0078992100789921,1,0.0078992100789921,1
"PWY-5936","xyloglucan biosynthesis",27,0.00547123721533784,0.749809580220067,0.00349269848865164,0.001,4.11745057570559,0.00343993629158868,0.250002139994878,NA,0.017081756194628,0.999827697829937,NA,NA,0.013998600139986,1,0.013998600139986,1
"PWY-622","starch biosynthesis",23,0.00877520988926049,0.555732562324431,0.0086521361912667,0.001,1.95480573741345,0.00861887466102679,0.102811072894348,NA,0.0423578982882424,0.999827697829937,NA,NA,0.0305969403059694,1,0.0305969403059694,1
"PWY-4","UDP-&alpha;-D-galacturonate biosynthesis II (from D-galacturonate)",2,0.0710448989534825,0.0779099761059759,0.0733067788197403,0.05,0.585351562782084,0.0732341303208497,0.0194283167781017,NA,0.0934396133779004,0.999827697829937,NA,NA,0.0390960903909609,1,0.0390960903909609,1
"PWY-7193","pyrimidine ribonucleosides salvage I",18,0.0133423668432244,0.469953885185807,0.0131318072684995,0.001,0.61893427309532,0.0131270102985136,0.607202249713666,NA,0.0639343396744624,0.999827697829937,NA,NA,0.0412958704129587,1,0.0412958704129587,1
"PWY-5084","2-oxoglutarate decarboxylation to succinyl-CoA",7,0.0171384739845771,0.0811108037620284,0.017248431484121,0.005,1.40628872889506,0.0171977984870572,0.143964566540728,NA,0.0828050074929845,0.999827697829937,NA,NA,0.0476952304769523,1,0.0476952304769523,1
"PWY-6623","salicylate glucosides biosynthesis II",2,0.0941412192576089,0.11679048839528,0.0929654199542614,0.05,0.0977545217302627,0.0929626219417214,0.0319610118305443,NA,0.149911296097663,0.999827697829937,NA,NA,0.0650934906509349,1,0.0650934906509349,1
"PWY-6287","neurosporene biosynthesis",3,0.0486554251373092,0.162368576978793,0.0377862423120344,0.02,0.902787117700794,0.0377199514610605,0.0781741047549084,NA,0.174898442041558,0.999827697829937,NA,NA,0.0771922807719228,1,0.0771922807719228,1
"PWY-82","UDP-&beta;-L-arabinose biosynthesis II (from &beta;-L-arabinose)",3,0.640836539736888,0.193898862124348,0.108023403256172,0.05,0.585351562782084,0.107814733079611,0.0402706772995572,NA,0.185776148536535,0.999827697829937,NA,NA,0.0827917208279172,1,0.0827917208279172,1
"PWY-5863","superpathway of phylloquinol biosynthesis",15,0.0370707597898505,0.629056026708911,0.0304675631706723,0.005,1.79383981105729,0.0301540332491802,0.57763776997905,NA,0.141947580431381,0.999827697829937,NA,NA,0.086991300869913,1,0.086991300869913,1
"PWY-6122","5-aminoimidazole ribonucleotide biosynthesis II",7,0.044397509544976,0.158415293971153,0.0412996026080367,0.01,1.02595670657808,0.0411643970630272,0.0357422411777067,NA,0.166384635966317,0.999827697829937,NA,NA,0.0874912508749125,1,0.0874912508749125,1
"PWY-6121","5-aminoimidazole ribonucleotide biosynthesis I",7,0.044397509544976,0.158415293971153,0.0412996026080367,0.01,1.02595670657808,0.0411643970630272,0.0357422411777067,NA,0.166384635966317,0.999827697829937,NA,NA,0.0906909309069093,1,0.0906909309069093,1
"PWY-7343","UDP-&alpha;-D-glucose biosynthesis I",10,0.0348612864403876,0.225772218070314,0.0341876120350059,0.005,0.731782367327757,0.0341427057685569,0.056482142477785,NA,0.159447546938744,0.999827697829937,NA,NA,0.093990600939906,1,0.093990600939906,1
"GLYCOLYSIS","glycolysis I (from glucose 6-phosphate)",62,0.401652618949227,0.940682005484662,0.373104500103182,0.01,0.59768655287313,0.369695744636636,0.0267275690019805,NA,0.12668260947871,0.999827697829937,NA,NA,0.104989501049895,1,0.104989501049895,1
"PWY4FS-4","phosphatidylcholine biosynthesis IV",7,0.912410634495609,0.394500813304391,0.0442261388356358,0.01,0.884837785641474,0.0441160137644265,0.402976370355544,NA,0.201957666167148,0.999827697829937,NA,NA,0.111888811118888,1,0.111888811118888,1
"PWY-6902","chitin degradation II (Vibrio)",22,0.635381234361489,0.611551372321342,0.673480144109431,0.1,1.85518039326724,0.72295703549626,0.0405621058662838,NA,0.187011622017294,0.999827697829937,NA,NA,0.113988601139886,1,0.113988601139886,1
"PWY-6066","IAA biosynthesis VII",2,0.14472959785899,0.18870462634783,0.118503080134529,0.1,0.995911535418919,0.117860497668677,0.0618369907133292,NA,0.273239146918781,0.999827697829937,NA,NA,0.116988301169883,1,0.116988301169883,1
"UDPNACETYLGALSYN-PWY","UDP-<i>N</i>-acetyl-D-glucosamine biosynthesis II",13,0.0485769874812602,0.554401070047411,0.044233250182545,0.005,0.731782367327757,0.0441563635317955,0.555926297889242,NA,0.202126086731659,0.999827697829937,NA,NA,0.118288171182882,1,0.118288171182882,1
"PYRIDNUCSYN-PWY","NAD <i>de novo</i> biosynthesis I (from aspartate)",5,0.0590917219163946,0.0913645682038902,0.0618261359719157,0.02,0.918250357263155,0.0616067990842307,0.114440244400915,NA,0.262543433068986,0.999827697829937,NA,NA,0.134386561343866,1,0.134386561343866,1
"SUCSYN-PWY","sucrose biosynthesis I (from photosynthesis)",34,0.77688276833297,0.771284416173557,0.645331494840096,0.05,1.21321172098294,0.609256553667124,0.046057042710416,NA,0.210027395993511,0.999827697829937,NA,NA,0.136886311368863,1,0.136886311368863,1
"PWY4FS-2","phosphatidylcholine biosynthesis II",10,0.885845959762913,0.582113501230221,0.0626524726814841,0.01,0.884837785641474,0.0624219991772948,0.621520958152155,NA,0.275502246949006,0.999827697829937,NA,NA,0.157384261573843,1,0.157384261573843,1
"PWYQT-4466","superpathway of sucrose and starch metabolism I (non-photosynthetic tissue)",17,0.0650697533946557,0.627686865294907,0.0574784786158452,0.005,0.731782367327757,0.0573465989568668,0.237750544428856,NA,0.255679134199245,0.999827697829937,NA,NA,0.15968403159684,1,0.15968403159684,1
"PWY-5530","sorbitol biosynthesis II",2,0.261611090010968,0.275791588818229,0.18712922593781,0.1,0.0321401650157529,0.187127962063752,0.0871009978105278,NA,0.365964373000237,0.999827697829937,NA,NA,0.161983801619838,1,0.161983801619838,1
"PWY-5079","L-phenylalanine degradation III",8,0.191992843734407,0.250284239598332,0.18294246277089,0.05,1.4619756679711,0.177106861487247,0.0543420416186934,NA,0.243741256099149,0.999827697829937,NA,NA,0.17018298170183,1,0.17018298170183,1
"PROSYN-PWY","L-proline biosynthesis I",3,0.647379620491218,0.482276334739796,1,0.1,0,0.503349886412708,0.0893056879886797,NA,0.373583598438875,0.999827697829937,NA,NA,0.174482551744826,1,0.174482551744826,1
"CAROTENOID-PWY","superpathway of carotenoid biosynthesis in plants",3,0.292733687077824,0.206316846104747,0.090386096421597,0.05,0.960702421822944,0.0899448205440888,0.206480548324789,NA,0.375778635502231,0.999827697829937,NA,NA,0.176682331766823,1,0.176682331766823,1
"PWY-6477","gibberellin inactivation II (methylation)",3,0.166235364690581,0.122823044196354,1,0.1,0,0.301541470846751,0.0841790589661946,NA,0.355752341030692,0.999827697829937,NA,NA,0.176982301769823,1,0.176982301769823,1
"PWY-3385","choline biosynthesis I",12,0.992808328779991,0.452766794894522,0.0747635549057012,0.01,0.884837785641474,0.0744308084188423,0.170512174281573,NA,0.320726845093908,0.999827697829937,NA,NA,0.178182181781822,1,0.178182181781822,1
"PWY-7177","UTP and CTP dephosphorylation II",10,0.240297763183503,0.531665971289285,0.0761976840029678,0.01,0.475216275154146,0.0761113110185126,0.0834738707821013,NA,0.32687107854096,0.999827697829937,NA,NA,0.178182181781822,1,0.178182181781822,1
"PWY-7432","L-phenylalanine biosynthesis III (cytosolic, plants)",4,0.380476719830189,0.432264771381805,1,0.1,0,0.454349296208734,0.0855598448704578,NA,0.360594388635482,0.999827697829937,NA,NA,0.178382161783822,1,0.178382161783822,1
"PWY-5686","UMP biosynthesis I",5,0.391680883314557,0.529736996645925,1,0.1,0,0.414265463013804,0.0885821291533387,NA,0.371091159903664,0.999827697829937,NA,NA,0.187481251874813,1,0.187481251874813,1
"PWY-801","homocysteine and cysteine interconversion",7,0.327071851732696,0.391603992532677,1,0.1,0,0.57753613514889,0.0851145018733785,NA,0.359035881484201,0.999827697829937,NA,NA,0.194780521947805,1,0.194780521947805,1
"PWY-6475","<i>trans</i>-lycopene biosynthesis II (oxygenic phototrophs and green sulfur bacteria)",7,0.135747529462107,0.534117839579179,0.0862450540236174,0.02,0.902787117700794,0.0858093187836967,0.194708183284629,NA,0.361466113298705,0.999827697829937,NA,NA,0.198580141985801,1,0.198580141985801,1
"PWY66-399","gluconeogenesis III",52,0.97903242041477,0.892628353239984,0.323585480400587,0.01,0.59768655287313,0.320982690008771,0.0675540629696824,NA,0.295114941886761,0.999827697829937,NA,NA,0.201579842015798,1,0.201579842015798,1
"PWY-3261","UDP-&beta;-L-rhamnose biosynthesis",4,0.775606562322588,0.61087823397403,1,0.1,0,0.479703993468983,0.0983970937491744,NA,0.404232902397137,0.999827697829937,NA,NA,0.205579442055794,1,0.205579442055794,1
"PWY-882","L-ascorbate biosynthesis I (L-galactose pathway)",19,0.125583098421775,0.876071818532417,0.0816024091568244,0.005,0.224540534467164,0.0815809899883352,0.501844394417103,NA,0.346562097171038,0.999827697829937,NA,NA,0.211778822117788,1,0.211778822117788,1
"PWY-6773","1,3-&beta;-D-glucan biosynthesis",14,0.164533948906327,0.888886767519326,0.0903364883953084,0.01,0.798024638213809,0.0899485203545428,0.3456976001569,NA,0.375791324194103,0.999827697829937,NA,NA,0.212978702129787,1,0.212978702129787,1
"PWY-5034","GA<sub>12</sub> biosynthesis",3,0.420381965228526,0.373170565301847,0.166268921725347,0.1,1.08736245524176,0.164264681817413,0.110566398456282,NA,0.443368650369738,0.999827697829937,NA,NA,0.217278272172783,1,0.217278272172783,1
"PWY-7176","UTP and CTP <i>de novo</i> biosynthesis",13,0.955323693830719,0.820110650535735,0.0979401522324908,0.01,0.475216275154146,0.0977943444330777,0.249207427530013,NA,0.402238794649343,0.999827697829937,NA,NA,0.231576842315768,1,0.231576842315768,1
"PWY-5947","lutein biosynthesis",5,0.71628472827222,0.530676707510607,0.146727321795292,0.05,0.960702421822944,0.145367227002043,0.113925675942309,NA,0.453801176263884,0.999827697829937,NA,NA,0.234776522347765,1,0.234776522347765,1
"PWY-7238","sucrose biosynthesis II",28,0.169553116636158,0.668626068672726,0.0930391380945969,0.005,0.731782367327757,0.0926887430712792,0.154397326520442,NA,0.38513255998518,0.999827697829937,NA,NA,0.245575442455754,1,0.245575442455754,1
"NAGLIPASYN-PWY","lipid IV<sub>A</sub> biosynthesis",7,0.80015942749368,0.37841846460394,0.358610183784931,0.1,1.03949921314207,0.366085201753857,0.125277940416803,NA,0.487905164944563,0.999827697829937,NA,NA,0.277772222777722,1,0.277772222777722,1
"ALANINE-SYN2-PWY","L-alanine biosynthesis II",6,0.32027506770457,0.287958719467407,1,0.1,0,0.565965443082711,0.132793371245756,NA,0.509529440083914,0.999827697829937,NA,NA,0.278972102789721,1,0.278972102789721,1
"PWY-7185","UTP and CTP dephosphorylation I",16,0.341198373739865,0.714132012127188,0.119186960136507,0.01,0.475216275154146,0.118968491935666,0.350819618317103,NA,0.469167870773158,0.999827697829937,NA,NA,0.282771722827717,1,0.282771722827717,1
"PWY-3462","L-phenylalanine biosynthesis II",10,0.142499743811342,0.317333020336521,0.125932736496,0.02,0.818559689582427,0.12516124850202,0.141296621431524,NA,0.487563494855615,0.999827697829937,NA,NA,0.284271572842716,1,0.284271572842716,1
"ALANINE-DEG3-PWY","L-alanine degradation III",6,0.32027506770457,0.287958719467407,1,0.1,0,0.565965443082711,0.132793371245756,NA,0.509529440083914,0.999827697829937,NA,NA,0.284671532846715,1,0.284671532846715,1
"PWY-6837","fatty acid beta-oxidation V (unsaturated, odd number, di-isomerase-dependent)",8,0.819210084434117,0.930480402344846,1,0.1,0,0.717179322477433,0.13441197609881,NA,0.514089599382768,0.999827697829937,NA,NA,0.286571342865713,1,0.286571342865713,1
"GLUTAMINDEG-PWY","L-glutamine degradation I",27,0.200647428710387,0.84050270236163,0.11219711153856,0.05,6.749159151893,0.192443242865174,0.218976579566348,NA,0.448452693127916,0.999827697829937,NA,NA,0.288671132886711,1,0.288671132886711,1
"PWY-5989","stearate biosynthesis II (bacteria and plants)",30,0.216742568048069,0.731442710439054,0.112236312517733,0.05,7.2813874233749,0.116248739587473,0.385602976221299,NA,0.448574450364151,0.999827697829937,NA,NA,0.28977102289771,1,0.28977102289771,1
"PWY490-4","L-asparagine biosynthesis III (tRNA-dependent)",27,0.200647428710387,0.84050270236163,0.11219711153856,0.05,6.749159151893,0.192443242865174,0.218976579566348,NA,0.448452693127916,0.999827697829937,NA,NA,0.294370562943706,1,0.294370562943706,1
"PWY-7450","anthocyanidin modification (<i>Arabidopsis</i>)",19,0.441835957400252,0.772276038933435,0.791112638358827,0.1,0.519604912254224,0.818236005512086,0.103467501525646,NA,0.420797824005707,0.999827697829937,NA,NA,0.295070492950705,1,0.295070492950705,1
"PWY-6233","jasmonoyl-amino acid conjugates biosynthesis II",2,0.592901597186758,0.551531854859975,1,0.1,0,0.467016865691869,0.171298530194528,NA,0.60916761255022,0.999827697829937,NA,NA,0.301369863013699,1,0.301369863013699,1
"PWY-1042","glycolysis IV (plant cytosol)",58,0.61732553508848,0.990687877105519,0.353727562186989,0.01,0.59768655287313,0.35064456207546,0.109900576327555,NA,0.441282082204677,0.999827697829937,NA,NA,0.304069593040696,1,0.304069593040696,1
"PWY-6220","jasmonoyl-amino acid conjugates biosynthesis I",2,0.592901597186758,0.551531854859975,1,0.1,0,0.467016865691869,0.171298530194528,NA,0.60916761255022,0.999827697829937,NA,NA,0.306669333066693,1,0.306669333066693,1
"PWY-3801","sucrose degradation II (sucrose synthase)",33,0.129154420380812,0.927952547402028,0.108791805753316,0.005,0.731782367327757,0.108312289404454,0.433324154537847,NA,0.43627939963496,0.999827697829937,NA,NA,0.309069093090691,1,0.309069093090691,1
"PWY-5670","epoxysqualene biosynthesis",9,0.766302290327942,0.142064223293177,0.119611745662588,0.1,4.8158504571862,0.291291015684474,0.105576787824532,NA,0.42757932988501,0.999827697829937,NA,NA,0.30986901309869,1,0.30986901309869,1
"PWY-6163","chorismate biosynthesis from 3-dehydroquinate",6,0.788084059981442,0.827245578555787,1,0.1,0,0.874828295326728,0.149533161635843,NA,0.555074885633464,0.999827697829937,NA,NA,0.314168583141686,1,0.314168583141686,1
"PWY-5687","pyrimidine ribonucleotides interconversion",23,0.941482585937086,0.96675422142486,0.166895454781429,0.01,0.475216275154146,0.166462399686593,0.132314178835022,NA,0.508172844973897,0.999827697829937,NA,NA,0.315668433156684,1,0.315668433156684,1
"PWY0-501","lipoate biosynthesis and incorporation I",5,0.664033375843296,0.537540240868064,1,0.1,0,0.447496294577907,0.157818928026065,NA,0.576330322572067,0.999827697829937,NA,NA,0.31956804319568,1,0.31956804319568,1
"GLUCONEO-PWY","gluconeogenesis I",54,0.978859189076706,0.971706782413357,0.333778998694675,0.01,0.59768655287313,0.331017550374799,0.120339776679231,NA,0.473286109246466,0.999827697829937,NA,NA,0.328567143285671,1,0.328567143285671,1
"PWY-5971","palmitate biosynthesis II (bacteria and plants)",35,0.250793892549256,0.785563703226817,0.134454384394873,0.005,0.391616954047025,0.134264843840929,0.347590139687411,NA,0.513676484822178,0.999827697829937,NA,NA,0.338266173382662,1,0.338266173382662,1
"PWY3O-4107","NAD salvage pathway V (PNC V cycle)",12,0.306027846263746,0.500568924878502,0.142830196930253,0.02,0.918250357263155,0.141532919687552,0.163077787770436,NA,0.533750660590204,0.999827697829937,NA,NA,0.34996500349965,1,0.34996500349965,1
"HOMOCYSDEGR-PWY","L-cysteine biosynthesis III (from L-homocysteine)",3,0.281334790439893,0.331712045640768,1,0.1,0,0.30876757781443,0.192541781198212,NA,0.656758100225271,0.999827697829937,NA,NA,0.351964803519648,1,0.351964803519648,1
"CALVIN-PWY","Calvin-Benson-Bassham cycle",38,0.754728729868087,0.964798928624466,0.940033092796541,0.1,0.887138207399879,0.919571357038417,0.134321245178603,NA,0.51383488039432,0.999827697829937,NA,NA,0.352364763523648,1,0.352364763523648,1
"ARGDEG-V-PWY","L-arginine degradation X (arginine monooxygenase pathway)",2,0.597411325400138,0.697275009067837,1,0.1,0,0.725398498621921,0.21760654076325,NA,0.706825592858914,0.999827697829937,NA,NA,0.367963203679632,1,0.367963203679632,1
"ALACAT2-PWY","L-alanine degradation II (to D-lactate)",9,0.51385435699936,0.622121500040354,1,0.1,0,0.714052395423562,0.170919578851449,NA,0.608273189294567,0.999827697829937,NA,NA,0.372462753724628,1,0.372462753724628,1
"PWY-43","putrescine biosynthesis II",4,0.725884104013736,0.92284323419595,1,0.1,0,0.924594015440905,0.205582382398179,NA,0.683594274114944,0.999827697829937,NA,NA,0.379262073792621,1,0.379262073792621,1
"PWY-321","cutin biosynthesis",40,0.156439783732268,0.88147893824687,0.152156620655552,0.005,0.391616954047025,0.151913672790789,0.828189619754071,NA,0.561266993724029,0.999827697829937,NA,NA,0.390560943905609,1,0.390560943905609,1
"PWY1F-FLAVSYN","flavonoid biosynthesis",26,0.894258082017042,0.964710678285318,1,0.1,0,0.985125183841542,0.157017920900274,NA,0.574311703308208,0.999827697829937,NA,NA,0.390860913908609,1,0.390860913908609,1
"PWY-5114","UDP-sugars interconversion",26,0.616197932204282,0.942872777611778,0.88118689587468,0.1,0.554610221139854,0.871136172824412,0.171575512892611,NA,0.609820329315186,0.999827697829937,NA,NA,0.398460153984602,1,0.398460153984602,1
"PWY-5348","kaempferol triglucoside biosynthesis",13,0.849890366321121,0.817397037457545,0.469774700441303,0.05,0.0977545217302627,0.469648626873459,0.180875053119497,NA,0.631234092161562,0.999827697829937,NA,NA,0.399460053994601,1,0.399460053994601,1
"PWY-6577","farnesylcysteine salvage pathway",4,0.6178297438819,0.824277302540465,1,0.1,0,0.911268543527844,0.208039495515249,NA,0.688457272251671,0.999827697829937,NA,NA,0.403059694030597,1,0.403059694030597,1
"CITRULBIO-PWY","L-citrulline biosynthesis",35,0.270161245419938,0.916084285674418,0.166478871952072,0.05,6.749159151893,0.242000750719825,0.267456491378353,NA,0.597669400943312,0.999827697829937,NA,NA,0.411458854114589,1,0.411458854114589,1
"PWY-6614","tetrahydrofolate biosynthesis",8,0.894294551423531,0.992773345054,1,0.1,0,0.98029967073396,0.20888149549158,NA,0.690109891124722,0.999827697829937,NA,NA,0.414558544145585,1,0.414558544145585,1
"PWY-6733","sporopollenin precursors biosynthesis",45,0.189043297441013,0.812544252483651,0.169504213497456,0.005,0.391616954047025,0.169202713691053,0.468909703803348,NA,0.604200404075526,0.999827697829937,NA,NA,0.415358464153585,1,0.415358464153585,1
"PWY-63","UDP-&beta;-L-arabinose biosynthesis I (from UDP-&alpha;-D-xylose)",10,0.684251585759614,0.900390412558414,0.551124926661162,0.1,0.554610221139854,0.545281417825451,0.195798665090942,NA,0.663624816022326,0.999827697829937,NA,NA,0.417858214178582,1,0.417858214178582,1
"PWY-6303","methyl indole-3-acetate interconversion",15,0.952141404954102,0.944499472389345,0.199723764282126,0.02,0.621899940671738,0.198645487599869,0.641026264806532,NA,0.669536549002565,0.999827697829937,NA,NA,0.423857614238576,1,0.423857614238576,1
"PWY-6724","starch degradation II",8,0.542170669855282,0.290285094589877,0.217335156662306,0.05,1.05028379435329,0.213496020500662,0.222051161409607,NA,0.699042880253382,0.999827697829937,NA,NA,0.43045695430457,1,0.43045695430457,1
"PWY-2781","<i>cis</i>-zeatin biosynthesis",3,0.311564250872813,0.38110424820854,0.244137684962626,0.1,0.232724225023253,0.243980019273342,0.305366397410546,NA,0.753017394545768,0.999827697829937,NA,NA,0.432356764323568,1,0.432356764323568,1
"PWY0A-6303","methyl indole-3-acetate interconversion",15,0.952141404954102,0.944499472389345,0.199723764282126,0.02,0.621899940671738,0.198645487599869,0.641026264806532,NA,0.669536549002565,0.999827697829937,NA,NA,0.434756524347565,1,0.434756524347565,1
"PWY-5036","gibberellin biosynthesis II (early C-3 hydroxylation)",2,0.446312272661907,0.447492344546208,1,0.1,0,0.3800131344361,0.259532920388547,NA,0.77739814707817,0.999827697829937,NA,NA,0.443655634436556,1,0.443655634436556,1
"PWY-6799","fatty acid biosynthesis (plant mitochondria)",2,0.263526116666346,0.275321079393449,1,0.1,0,0.309409204949301,0.327244086505586,NA,0.783336001856227,0.999827697829937,NA,NA,0.443855614438556,1,0.443855614438556,1
"PWY-3781","aerobic respiration I (cytochrome c)",261,0.74535162252293,0.9999998928529,0.138984515146287,0.001,1.14701350902099,0.13681556918657,0.270303552073274,NA,0.520798695033849,0.999827697829937,NA,NA,0.443955604439556,1,0.443955604439556,1
"PWY-8011","L-serine biosynthesis II",7,0.723864972533587,0.839747180644589,1,0.1,0,0.575921419955345,0.222322254239182,NA,0.715554965868189,0.999827697829937,NA,NA,0.447155284471553,1,0.447155284471553,1
"PWY-5068","chlorophyll cycle",5,0.830185396640203,0.925319838873409,1,0.1,0,0.702321804501385,0.238160677945887,NA,0.743364386088408,0.999827697829937,NA,NA,0.447655234476552,1,0.447655234476552,1
"HISTSYN-PWY","L-histidine biosynthesis",11,0.817935455118024,0.917086217313283,1,0.1,0,0.731155719307406,0.216746221225434,NA,0.705210171820845,0.999827697829937,NA,NA,0.451554844515548,1,0.451554844515548,1
"PWY-702","L-methionine biosynthesis II (plants)",9,0.602255899030036,0.766585970551567,1,0.1,0,0.880424324394652,0.223762202901109,NA,0.718178625051072,0.999827697829937,NA,NA,0.455454454554545,1,0.455454454554545,1
"PWY-5409","divinyl ether biosynthesis II",4,0.247299780474213,0.258318147632083,0.338806944753911,0.1,0.0351885284621797,0.338799580958205,0.247235609454682,NA,0.75828960214627,0.999827697829937,NA,NA,0.455554444555544,1,0.455554444555544,1
"PWY-5152","leucodelphinidin biosynthesis",12,0.94566932138757,0.923599016262984,1,0.1,0,0.922031975648269,0.222728428315817,NA,0.7162970057285,0.999827697829937,NA,NA,0.466853314668533,1,0.466853314668533,1
"PWY-4841","UDP-&alpha;-D-glucuronate biosynthesis (from <i>myo</i>-inositol)",7,0.302894904102784,0.361651953677968,0.234934026387699,0.05,0.585351562782084,0.233706555508317,0.649610661073522,NA,0.735773999350883,0.999827697829937,NA,NA,0.471252874712529,1,0.471252874712529,1
"PWY-6199","quercetin sulfate biosynthesis",10,0.607826029870396,0.625821505239085,0.356185127801581,0.1,1.94907688378311,0.421092467954656,0.23707619549743,NA,0.741532567287273,0.999827697829937,NA,NA,0.480851914808519,1,0.480851914808519,1
"PWY0-1021","L-alanine biosynthesis III",3,0.322703696841207,0.341884424651916,1,0.1,0,0.629611533117657,0.26587693948078,NA,0.786771951374604,0.999827697829937,NA,NA,0.481451854814519,1,0.481451854814519,1
"PWY-1121","suberin monomers biosynthesis",55,0.336073776562025,0.989040189756315,0.203162979972485,0.005,0.391616954047025,0.202730620296667,0.864515466505986,NA,0.677874264260704,0.999827697829937,NA,NA,0.488251174882512,1,0.488251174882512,1
"PWY-6520","nonaprenyl diphosphate biosynthesis II",3,0.86361166836902,0.684364488467754,1,0.1,0,0.468502230927568,0.290018068584106,NA,0.819600021386315,0.999827697829937,NA,NA,0.497850214978502,1,0.497850214978502,1
"PWY-5957","L-nicotianamine biosynthesis",5,0.97533304334013,0.627971209097216,1,0.1,0,0.578096804510608,0.278786624071519,NA,0.804872327772622,0.999827697829937,NA,NA,0.504349565043496,1,0.504349565043496,1
"PWY-6803","phosphatidylcholine acyl editing",57,0.338479169082438,0.993623254726206,0.209732570635642,0.005,0.391616954047025,0.209272054321456,0.909118302950179,NA,0.690874067896456,0.999827697829937,NA,NA,0.506449355064494,1,0.506449355064494,1
"TRPSYN-PWY","L-tryptophan biosynthesis",20,0.637703300124767,0.943283899063466,0.813221106583348,0.1,0.481244863447779,0.805538470127467,0.24373212375858,NA,0.752612206546631,0.999827697829937,NA,NA,0.510948905109489,1,0.510948905109489,1
"PWY-282","cuticular wax biosynthesis",20,0.509243176026771,0.878122698674185,0.747606906653471,0.1,0.969117581705185,0.719593058058035,0.241901217512719,NA,0.749603072358305,0.999827697829937,NA,NA,0.512948705129487,1,0.512948705129487,1
"PWY-6787","flavonoid biosynthesis (in equisetum)",29,0.896702351087812,0.994382040364736,1,0.1,0,0.99084663799728,0.214893400016077,NA,0.701706945490166,0.999827697829937,NA,NA,0.521747825217478,1,0.521747825217478,1
"NONOXIPENT-PWY","pentose phosphate pathway (non-oxidative branch)",12,0.745876808042725,0.91305590917985,1,0.1,0,0.90607911506634,0.266572342257911,NA,0.787779948084748,0.999827697829937,NA,NA,0.53034696530347,1,0.53034696530347,1
"PWY-5350","thiosulfate disproportionation IV (rhodanese)",5,0.403894058367252,0.46164829052589,1,0.1,0,0.430898021942018,0.288552237117638,NA,0.817730043284084,0.999827697829937,NA,NA,0.537746225377462,1,0.537746225377462,1
"PWY-6930","phenolic malonylglucosides biosynthesis",4,0.552638093367562,0.639349568080636,1,0.1,0,0.563220213055894,0.29510055609523,NA,0.82596530368041,0.999827697829937,NA,NA,0.537746225377462,1,0.537746225377462,1
"PWY-283","benzoate degradation II (aerobic and anaerobic)",3,0.687800381312901,0.858289857210994,1,0.1,0,0.895773005330213,0.311752286517686,NA,0.845572768314517,0.999827697829937,NA,NA,0.538746125387461,1,0.538746125387461,1
"PWY0-1507","biotin biosynthesis from 8-amino-7-oxononanoate I",6,0.296477253317211,0.350894356256556,0.414903244073875,0.1,0.320819515747258,0.413841027561766,0.40085406202491,NA,0.8276581624349,0.999827697829937,NA,NA,0.544445555444456,1,0.544445555444456,1
"PWY0-1535","D-serine degradation",2,0.95139492698827,0.873021133749192,1,0.1,0,0.80124774486739,0.329891716127624,NA,0.864878351957914,0.999827697829937,NA,NA,0.548345165483452,1,0.548345165483452,1
"PWY-5486","pyruvate fermentation to ethanol II",13,0.358925797117259,0.674760804041478,0.285203113416186,0.05,1.4619756679711,0.271494069149542,0.411135763284872,NA,0.794805621440381,0.999827697829937,NA,NA,0.551244875512449,1,0.551244875512449,1
"PWY-5320","kaempferol glycoside biosynthesis (Arabidopsis)",18,0.861066487259267,0.971069090791307,0.584639479622902,0.05,0.0977545217302627,0.584446773916887,0.274404643756908,NA,0.798872028711421,0.999827697829937,NA,NA,0.561743825617438,1,0.561743825617438,1
"PWY-5129","sphingolipid biosynthesis (plants)",20,0.644520405942958,0.839580416798978,0.284409846616456,0.02,0.379848714987904,0.283641889550604,0.37921751144008,NA,0.811352562117151,0.999827697829937,NA,NA,0.565443455654435,1,0.565443455654435,1
"PWY-5723","Rubisco shunt",39,0.698252240235014,0.993850753086182,0.253609254010139,0.01,0.59768655287313,0.251984436040411,0.302245590078385,NA,0.765818182848902,0.999827697829937,NA,NA,0.568943105689431,1,0.568943105689431,1
"PWY-5313","superpathway of anthocyanin biosynthesis (from cyanidin and cyanidin 3-<i>O</i>-glucoside)",5,0.659721362487891,0.927304175657491,1,0.1,0,0.975445437239455,0.324970097084712,NA,0.85984291397796,0.999827697829937,NA,NA,0.58054194580542,1,0.58054194580542,1
"PROUT-PWY","L-proline degradation",5,0.633378115705243,0.694656618667635,1,0.1,0,0.688529037279328,0.327110984807183,NA,0.862051433178096,0.999827697829937,NA,NA,0.581741825817418,1,0.581741825817418,1
"PWY-5410","traumatin and (<i>Z</i>)-3-hexen-1-yl acetate biosynthesis",25,0.79160993570095,0.992897981600908,0.924691428928197,0.1,0.0351885284621797,0.924650217879111,0.281768297291544,NA,0.808872642767771,0.999827697829937,NA,NA,0.582741725827417,1,0.582741725827417,1
"PYRUVDEHYD-PWY","pyruvate decarboxylation to acetyl CoA",15,0.901956970748857,0.828241433325548,0.60650136231096,0.1,1.18021020996701,0.574858419054484,0.289860703915086,NA,0.819400008055755,0.999827697829937,NA,NA,0.583441655834417,1,0.583441655834417,1
"PWY-5168","ferulate and sinapate biosynthesis",3,0.921685377578348,0.95778269157216,1,0.1,0,0.897582515632037,0.345365744180732,NA,0.879775317995944,0.999827697829937,NA,NA,0.585241475852415,1,0.585241475852415,1
"PWY-6235","hydroxyjasmonate sulfate biosynthesis",2,0.37103032117577,0.41063481223728,1,0.1,0,0.564250460159551,0.896823915264454,NA,0.901565226099265,0.999827697829937,NA,NA,0.586441355864414,1,0.586441355864414,1
"PWY4FS-7","phosphatidylglycerol biosynthesis I (plastidic)",3,0.847008341471158,0.97297732225999,1,0.1,0,0.968564848812033,0.340632466610706,NA,0.87536563782558,0.999827697829937,NA,NA,0.586641335866413,1,0.586641335866413,1
"PWY-6040","chlorogenic acid biosynthesis II",15,0.801324727124906,0.901262479917764,0.507164060237062,0.05,0.165830736549719,0.506736326642178,0.299539252587168,NA,0.831376144103011,0.999827697829937,NA,NA,0.601539846015398,1,0.601539846015398,1
"PWY-3301","sinapate ester biosynthesis",34,0.793019902915225,0.999219846186734,0.409148386934773,0.02,0.549969451725094,0.405765053549135,0.285698400502189,NA,0.814044891743274,0.999827697829937,NA,NA,0.603139686031397,1,0.603139686031397,1
"PWY-6147","6-hydroxymethyl-dihydropterin diphosphate biosynthesis I",8,0.797671424746015,0.979700191573433,1,0.1,0,0.972781906239467,0.32500016847196,NA,0.859874129946997,0.999827697829937,NA,NA,0.605639436056394,1,0.605639436056394,1
"PWY-6936","seleno-amino acid biosynthesis (plants)",7,0.500278228454834,0.673522513894518,1,0.1,0,0.80830486092343,0.345144258071556,NA,0.879571798844802,0.999827697829937,NA,NA,0.624437556244376,1,0.624437556244376,1
"THIOREDOX-PWY","thioredoxin pathway",27,0.852466176142499,0.934499151198815,0.860133501767441,0.1,0.867570780055027,0.836183703193102,0.313510551296069,NA,0.847535289754425,0.999827697829937,NA,NA,0.634136586341366,1,0.634136586341366,1
"PWY-2901","cytokinins 9-<i>N</i>-glucoside biosynthesis",3,0.72627185955258,0.921762979251765,1,0.1,0,0.967800393252627,0.381663100437846,NA,0.909608869080707,0.999827697829937,NA,NA,0.635836416358364,1,0.635836416358364,1
"HEME-BIOSYNTHESIS-II","heme <i>b</i> biosynthesis I (aerobic)",8,0.783548079372349,0.963734764834133,1,0.1,0,0.970691512622985,0.350871639744994,NA,0.884746819527721,0.999827697829937,NA,NA,0.636736326367363,1,0.636736326367363,1
"PWY-6213","cadmium transport I",3,0.900790129111067,0.988586567027646,1,0.1,0,0.993768688897493,0.380162643945803,NA,0.908506817851082,0.999827697829937,NA,NA,0.63993600639936,1,0.63993600639936,1
"PWY-2161","folate polyglutamylation",13,0.342861567356967,0.422055492782579,0.625730454524115,0.1,0.69493819613358,0.614213672616982,0.64310174660327,NA,0.87745817670184,0.999827697829937,NA,NA,0.648035196480352,1,0.648035196480352,1
"PWY-1061","homogalacturonan biosynthesis",25,0.700500657496959,0.991475397798689,1,0.1,0,0.98616963321325,0.329121964681263,NA,0.864100497741436,0.999827697829937,NA,NA,0.652234776522348,1,0.652234776522348,1
"PANTO-PWY","phosphopantothenate biosynthesis I",6,0.803957807058028,0.727563590004756,1,0.1,0,0.496867257550387,0.373077365211482,NA,0.903156661902467,0.999827697829937,NA,NA,0.653734626537346,1,0.653734626537346,1
"PWY-6842","glutathione-mediated detoxification II",68,0.327335072730523,0.893668746248224,0.304238146385763,0.02,3.44607974289688,0.349896196458788,0.6775830258031,NA,0.836956657356429,0.999827697829937,NA,NA,0.654234576542346,1,0.654234576542346,1
"PWY-6730","methylhalides biosynthesis (plants)",3,0.924665123692716,0.917087444239558,1,0.1,0,0.857605599026407,0.393675669536331,NA,0.918054524554719,0.999827697829937,NA,NA,0.65963403659634,1,0.65963403659634,1
"PWY-4381","fatty acid biosynthesis initiation I",2,0.40480025631871,0.459222450695705,1,0.1,0,0.586224609293898,0.880349184427506,NA,0.925301190984025,0.999827697829937,NA,NA,0.662633736626337,1,0.662633736626337,1
"P401-PWY","cyanide degradation",3,0.432285192470957,0.480677702769211,1,0.1,0,0.408372347154511,0.395328374455205,NA,0.919165278157542,0.999827697829937,NA,NA,0.664533546645335,1,0.664533546645335,1
"PWY-5366","palmitoleate biosynthesis II (plants and bacteria)",7,0.870424707560756,0.978679340218452,1,0.1,0,0.947681179906121,0.376471080923933,NA,0.905749643059837,0.999827697829937,NA,NA,0.667733226677332,1,0.667733226677332,1
"ASPARAGINESYN-PWY","L-asparagine biosynthesis II",4,0.722866161143673,0.935909934859061,1,0.1,0,0.972831762436261,0.390184813305356,NA,0.915668237177983,0.999827697829937,NA,NA,0.668333166683332,1,0.668333166683332,1
"PWY-6051","2,4,6-trinitrotoluene degradation",6,0.936889074728364,0.974739394244032,1,0.1,0,0.990087912037705,0.384521184029528,NA,0.911678680601485,0.999827697829937,NA,NA,0.676032396760324,1,0.676032396760324,1
"GLNSYN-PWY","L-glutamine biosynthesis I",7,0.383742799241681,0.537016705653926,0.449546538445189,0.1,0.415557055426075,0.447389826945673,0.564048404796318,NA,0.911118774408713,0.999827697829937,NA,NA,0.677832216778322,1,0.677832216778322,1
"PWY-5138","unsaturated, even numbered fatty acid &beta;-oxidation",8,0.380556290860912,0.506822841871162,1,0.1,0,0.717179322477433,0.40833405639184,NA,0.908796976966484,0.999827697829937,NA,NA,0.678832116788321,1,0.678832116788321,1
"PWY-695","abscisic acid biosynthesis",13,0.697157290384244,0.420312777228659,0.64276977005853,0.1,0.59076351211931,0.673061003196278,0.366763826080755,NA,0.898181057784043,0.999827697829937,NA,NA,0.67973202679732,1,0.67973202679732,1
"PWY-5995","linoleate biosynthesis I (plants)",2,0.41677171734343,0.477112798355246,1,0.1,0,0.619491417256885,0.874517229381836,NA,0.93251723311612,0.999827697829937,NA,NA,0.686331366863314,1,0.686331366863314,1
"PWY-5905","hypusine biosynthesis",4,0.616034462306326,0.608749220391798,1,0.1,0,0.454447953647696,0.405539204615899,NA,0.925763738800082,0.999827697829937,NA,NA,0.69023097690231,1,0.69023097690231,1
"PWY-6014","vernolate biosynthesis I",7,0.68101883163328,0.822588121375665,1,0.1,0,0.915833146661885,0.403056572324048,NA,0.924200581317328,0.999827697829937,NA,NA,0.691230876912309,1,0.691230876912309,1
"PWY-1581","plastoquinol-9 biosynthesis I",4,0.740999418012055,0.83004495187597,1,0.1,0,0.760418686550403,0.40799641061901,NA,0.927285386589163,0.999827697829937,NA,NA,0.693930606939306,1,0.693930606939306,1
"PWY-112","lupeol biosynthesis",5,0.967780675966582,0.998799563262794,1,0.1,0,0.979504397127251,0.404472787494785,NA,0.92509547464383,0.999827697829937,NA,NA,0.698830116988301,1,0.698830116988301,1
"PWY-5997","&alpha;-linolenate biosynthesis I (plants and red algae)",3,0.940369273287322,0.94131544653529,1,0.1,0,0.897139566281375,0.420333220582997,NA,0.934552651149684,0.999827697829937,NA,NA,0.6997300269973,1,0.6997300269973,1
"PWY-7625","phosphatidylinositol biosynthesis II (eukaryotes)",2,0.947617440106187,0.96261208277398,1,0.1,0,0.943046135006814,0.425006000034871,NA,0.937148367227964,0.999827697829937,NA,NA,0.701429857014299,1,0.701429857014299,1
"PWY-5377","&alpha;-amyrin biosynthesis",5,0.947927800256445,0.998631975902555,1,0.1,0,0.979504397127251,0.409458948869806,NA,0.928179162736269,0.999827697829937,NA,NA,0.701729827017298,1,0.701729827017298,1
"PWY-381","nitrate reduction II (assimilatory)",10,0.386399123955509,0.542770085743925,0.574917241919661,0.1,0.415557055426075,0.571424870364779,0.431050301381253,NA,0.913017906738015,0.999827697829937,NA,NA,0.703029697030297,1,0.703029697030297,1
"PWY-6710","poly-hydroxy fatty acids biosynthesis",7,0.68101883163328,0.822588121375665,1,0.1,0,0.915833146661885,0.403056572324048,NA,0.924200581317328,0.999827697829937,NA,NA,0.703029697030297,1,0.703029697030297,1
"OXIDATIVEPENT-PWY","pentose phosphate pathway (oxidative branch) I",14,0.760682978210257,0.984390963485857,1,0.1,0,0.983053671486316,0.393687486678867,NA,0.918062509749846,0.999827697829937,NA,NA,0.711728827117288,1,0.711728827117288,1
"PWY-762","phospholipid desaturation",8,0.821138950572366,0.682878019060417,1,0.1,0,0.801034253066781,0.410004617522236,NA,0.928510367665403,0.999827697829937,NA,NA,0.715028497150285,1,0.715028497150285,1
"PWY-2821","glucosinolate biosynthesis from phenylalanine",22,0.887392496705398,0.899905820170484,0.383196559414242,0.1,4.64215870702653,0.495776227441814,0.397285724829168,NA,0.910724161492264,0.999827697829937,NA,NA,0.715828417158284,1,0.715828417158284,1
"GLYOXYLATE-BYPASS","glyoxylate cycle",22,0.991571442508274,0.970829964992007,1,0.1,0,0.918912097919805,0.382226416825762,NA,0.910019859545083,0.999827697829937,NA,NA,0.722027797220278,1,0.722027797220278,1
"PWY0-1264","biotin-carboxyl carrier protein assembly",6,0.789455499144491,0.971532039054527,1,0.1,0,0.973664390894538,0.42576887246452,NA,0.937564203890671,0.999827697829937,NA,NA,0.723427657234277,1,0.723427657234277,1
"PWY-7417","phospholipid remodeling (phosphatidate, yeast)",7,0.413716737472629,0.573615955904344,1,0.1,0,0.613298851732269,0.477453008947331,NA,0.93073122941213,0.999827697829937,NA,NA,0.724327567243276,1,0.724327567243276,1
"ARGININE-SYN4-PWY","L-ornithine biosynthesis II",6,0.738280013560473,0.855478920253098,1,0.1,0,0.753338664673731,0.420794908036971,NA,0.934812870698229,0.999827697829937,NA,NA,0.725027497250275,1,0.725027497250275,1
"PWY-7985","oxalate degradation VI",3,0.867237797337299,0.485218925880026,1,0.1,0,0.494198144224631,0.441319144446309,NA,0.945572429661344,0.999827697829937,NA,NA,0.733326667333267,1,0.733326667333267,1
"PWY-6115","avenacin biosynthesis, initial reactions",8,0.961218017681415,0.999989521188249,1,0.1,0,0.998010897716349,0.423967498255136,NA,0.936578728816882,0.999827697829937,NA,NA,0.74032596740326,1,0.74032596740326,1
"PWY-5698","allantoin degradation to ureidoglycolate II (ammonia producing)",3,0.447371405271247,0.563618193661688,1,0.1,0,0.77332367845967,0.667040017188014,NA,0.948457347497957,0.999827697829937,NA,NA,0.741825817418258,1,0.741825817418258,1
"GLUTATHIONESYN-PWY","glutathione biosynthesis",2,0.944457490980937,0.984063962736544,1,0.1,0,0.979292960506884,0.46098367762302,NA,0.954500190012947,0.999827697829937,NA,NA,0.744025597440256,1,0.744025597440256,1
"PWY-1001","cellulose biosynthesis",22,0.453451817204463,0.907779340486481,0.429060600581573,0.05,1.58361287443018,0.395926169357619,0.791221517250448,NA,0.919564065953876,0.999827697829937,NA,NA,0.745125487451255,1,0.745125487451255,1
"PWY-6963","ammonia assimilation cycle I",8,0.429061777611427,0.635510565292857,0.494902391319981,0.1,0.415557055426075,0.492283155584242,0.608099406557296,NA,0.939333967608687,0.999827697829937,NA,NA,0.745925407459254,1,0.745925407459254,1
"PWY-6137","copper transport II",5,0.446407314219287,0.528603272529524,1,0.1,0,0.47018984614342,0.563893845207227,NA,0.948006181077262,0.999827697829937,NA,NA,0.747525247475253,1,0.747525247475253,1
"PWY-1187","glucosinolate biosynthesis from homomethionine",31,0.95773528436606,0.929569435480008,0.48286688078134,0.1,5.42236069554055,0.618961183123429,0.402395859564506,NA,0.923780167699313,0.999827697829937,NA,NA,0.751524847515249,1,0.751524847515249,1
"PWYQT-4432","glutathione degradation",3,0.459416643061403,0.582376305395772,1,0.1,0,0.749236078912294,0.686432823598616,NA,0.953834945326595,0.999827697829937,NA,NA,0.752624737526247,1,0.752624737526247,1
"PWY-1801","formaldehyde oxidation II (glutathione-dependent)",2,0.973874145436176,0.99674472051423,1,0.1,0,0.995868320098374,0.471486013634726,NA,0.958763440465973,0.999827697829937,NA,NA,0.752824717528247,1,0.752824717528247,1
"ASPSYNII-PWY","cyanide detoxification I",4,0.450289168644912,0.550752080565317,1,0.1,0,0.503333783799486,0.540943607159922,NA,0.949803727144404,0.999827697829937,NA,NA,0.754524547545245,1,0.754524547545245,1
"GLUTAMATE-SYN2-PWY","L-glutamate biosynthesis II",3,0.802296311710652,0.967464447462356,1,0.1,0,0.983416005464277,0.471317281996799,NA,0.958697573180042,0.999827697829937,NA,NA,0.762423757624238,1,0.762423757624238,1
"PWY-5269","cardiolipin biosynthesis II",4,0.814387832755563,0.969946695819283,1,0.1,0,0.973313402414368,0.463945070776208,NA,0.955736426833401,0.999827697829937,NA,NA,0.770722927707229,1,0.770722927707229,1
"PWYQT-4470","&gamma;-glutamyl cycle (plant pathway)",3,0.945065601305884,0.997949448839444,1,0.1,0,0.997020269284835,0.483626989655026,NA,0.963287186088704,0.999827697829937,NA,NA,0.777722227777222,1,0.777722227777222,1
"GLYSYN-PWY","glycine biosynthesis I",7,0.465598662510319,0.603804954964603,1,0.1,0,0.796276113965016,0.614724869490369,NA,0.956414936599369,0.999827697829937,NA,NA,0.779022097790221,1,0.779022097790221,1
"PWY-5041","<i>S</i>-adenosyl-L-methionine cycle II",9,0.779005304677866,0.899369667517534,1,0.1,0,0.952282579877966,0.46728630407535,NA,0.957098812595276,0.999827697829937,NA,NA,0.789421057894211,1,0.789421057894211,1
"PWY-6457","cinnamoyl-CoA biosynthesis",4,0.957441150565944,0.999668779848787,1,0.1,0,0.999797806058644,0.48235490300397,NA,0.962832741844032,0.999827697829937,NA,NA,0.791620837916208,1,0.791620837916208,1
"XYLCAT-PWY","D-xylose degradation I",2,0.676659865242519,0.815526645427931,1,0.1,0,0.893877507410889,0.501861266253278,NA,0.969327331404104,0.999827697829937,NA,NA,0.794220577942206,1,0.794220577942206,1
"PWY-6890","4-amino-2-methyl-5-diphosphomethylpyrimidine biosynthesis",2,0.501077092513645,0.594820786074461,1,0.1,0,0.700713760727068,0.830025450560663,NA,0.969085144370711,0.999827697829937,NA,NA,0.794820517948205,1,0.794820517948205,1
"PWY-7060","ornithine-citrulline shuttle",11,0.468491452600797,0.775870718788757,0.610129682564589,0.1,0.415557055426075,0.606241754090769,0.648111073134452,NA,0.957581894796751,0.999827697829937,NA,NA,0.796020397960204,1,0.796020397960204,1
"VALDEG-PWY","L-valine degradation I",18,0.457347524266092,0.786196749819325,1,0.1,0,0.987970430899286,0.918710512390071,NA,0.952944656982599,0.999827697829937,NA,NA,0.802219778022198,1,0.802219778022198,1
"PWY-5111","CMP-KDO biosynthesis II (from D-arabinose 5-phosphate)",3,0.789758168913872,0.944353310648149,1,0.1,0,0.953803776042035,0.499994040083691,NA,0.968748137481752,0.999827697829937,NA,NA,0.802719728027197,1,0.802719728027197,1
"CYSTSYN-PWY","L-cysteine biosynthesis I",15,0.507219839515838,0.759616754404084,1,0.1,0,0.842195093433442,0.474448170841894,NA,0.959906150130576,0.999827697829937,NA,NA,0.808019198080192,1,0.808019198080192,1
"PWY-8001","felinine and 3-methyl-3-sulfanylbutan-1-ol biosynthesis",5,0.498465500100151,0.721099940724445,1,0.1,0,0.900281649303248,0.645366984274298,NA,0.96826751637182,0.999827697829937,NA,NA,0.812918708129187,1,0.812918708129187,1
"PWY-2","putrescine degradation IV",2,0.986685631951925,0.997956622847268,1,0.1,0,0.996850522940151,0.522513937331153,NA,0.975179901684592,0.999827697829937,NA,NA,0.82021797820218,1,0.82021797820218,1
"PWYQT-4481","TCA cycle variation V (plant)",44,0.983557493593676,0.996159125236629,1,0.1,0,0.993424752136233,0.456886648323454,NA,0.952744496245088,0.999827697829937,NA,NA,0.822817718228177,1,0.822817718228177,1
"PWY-5868","simple coumarins biosynthesis",24,0.815353854525759,0.978138684550608,0.677928972979726,0.05,0.165830736549719,0.677205138624549,0.48233200719899,NA,0.962824521447654,0.999827697829937,NA,NA,0.824617538246175,1,0.824617538246175,1
"PWY-5032","<i>ent</i>-kaurene biosynthesis I",2,0.728701014064334,0.861012016135519,1,0.1,0,0.897245181600754,0.533135003117233,NA,0.977820253915051,0.999827697829937,NA,NA,0.832316768323168,1,0.832316768323168,1
"HOMOSERSYN-PWY","L-homoserine biosynthesis",7,0.91654120081487,0.988809427558899,1,0.1,0,0.992933896822813,0.516031498892343,NA,0.97344871872988,0.999827697829937,NA,NA,0.837816218378162,1,0.837816218378162,1
"PWY-6959","L-ascorbate degradation V",8,0.93500135968482,0.993497988740045,1,0.1,0,0.95096630477719,0.510756530063494,NA,0.971969865052512,0.999827697829937,NA,NA,0.842215778422158,1,0.842215778422158,1
"PWY-5267","glucosinolate activation",14,0.514696231353826,0.863162476507932,1,0.1,0,0.82720478526264,0.914578474943684,NA,0.97308041754736,0.999827697829937,NA,NA,0.843315668433157,1,0.843315668433157,1
"PWY-6498","eumelanin biosynthesis",3,0.532241481618241,0.698526348603158,1,0.1,0,0.825563146466555,0.676085477272119,NA,0.977607193564607,0.999827697829937,NA,NA,0.844115588441156,1,0.844115588441156,1
"PWY-5172","acetyl-CoA biosynthesis III (from citrate)",5,0.878380106409141,0.8532969930843,1,0.1,0,0.908992182257404,0.526833929809949,NA,0.976282551111668,0.999827697829937,NA,NA,0.845215478452155,1,0.845215478452155,1
"PWY-6619","adenine and adenosine salvage VI",2,0.668760561905439,0.798427997262015,1,0.1,0,0.845712061315945,0.54344598600197,NA,0.980163692724546,0.999827697829937,NA,NA,0.845415458454155,1,0.845415458454155,1
"PWY-7208","superpathway of pyrimidine nucleobases salvage",6,0.532266680171456,0.762858661848607,1,0.1,0,0.521962281623253,0.585311563098176,NA,0.975036192532083,0.999827697829937,NA,NA,0.846515348465154,1,0.846515348465154,1
"PWY-7205","CMP phosphorylation",10,0.969292391196013,0.983953390242577,1,0.1,0,0.98980205097217,0.515296918940634,NA,0.973246604994418,0.999827697829937,NA,NA,0.847215278472153,1,0.847215278472153,1
"PWY-5659","GDP-mannose biosynthesis",12,0.83649591785538,0.978150343103385,1,0.1,0,0.853662580729394,0.523767232597874,NA,0.97550393252752,0.999827697829937,NA,NA,0.849015098490151,1,0.849015098490151,1
"PWY-5807","heptaprenyl diphosphate biosynthesis",6,0.948336693897872,0.999975079703019,1,0.1,0,0.999844123924013,0.575160908939648,NA,0.986160437701039,0.999827697829937,NA,NA,0.85011498850115,1,0.85011498850115,1
"HOMOSER-THRESYN-PWY","L-threonine biosynthesis",4,0.549714613327113,0.769973854368464,1,0.1,0,0.909740654729286,0.886744987698697,NA,0.981488600049382,0.999827697829937,NA,NA,0.861113888611139,1,0.861113888611139,1
"PWY-5800","xylan biosynthesis",9,0.54604605489209,0.823260286074764,1,0.1,0,0.967620225308201,0.923327956195722,NA,0.980722133273746,0.999827697829937,NA,NA,0.872412758724128,1,0.872412758724128,1
"NONMEVIPP-PWY","methylerythritol phosphate pathway I",11,0.840363323025043,0.88540131747644,0.561972136881007,0.1,0.701115246731852,0.55217788782194,0.589672968735238,NA,0.981989421193693,0.999827697829937,NA,NA,0.876812318768123,1,0.876812318768123,1
"PWY-4203","volatile benzenoid biosynthesis I (ester formation)",13,0.948784725007006,0.988147494491267,1,0.1,0,0.997216675873437,0.551121304536811,NA,0.981775947085819,0.999827697829937,NA,NA,0.878712128787121,1,0.878712128787121,1
"PWY-66","GDP-L-fucose biosynthesis I (from GDP-D-mannose)",4,0.566846131554703,0.724428678335223,1,0.1,0,0.870277815738847,0.667555288906657,NA,0.984752066581152,0.999827697829937,NA,NA,0.88031196880312,1,0.88031196880312,1
"PWY-6898","thiamine salvage III",4,0.584565846975402,0.735567252642017,1,0.1,0,0.839873253878076,0.8914582407577,NA,0.987625975087759,0.999827697829937,NA,NA,0.88051194880512,1,0.88051194880512,1
"CHLOROPHYLL-SYN","3,8-divinyl-chlorophyllide <i>a</i> biosynthesis I (aerobic, light-dependent)",16,0.684922719512503,0.978268221936911,1,0.1,0,0.995826704067178,0.547553208673083,NA,0.98104003361159,0.999827697829937,NA,NA,0.880811918808119,1,0.880811918808119,1
"PWY-7270","L-methionine salvage cycle II (plants)",13,0.760242529644043,0.869008312136536,0.716860549108955,0.1,0.159852260493786,0.716119489512564,0.554842027318651,NA,0.982518818597977,0.999827697829937,NA,NA,0.884111588841116,1,0.884111588841116,1
"PWY-5859","eugenol and isoeugenol biosynthesis",9,0.859704990360441,0.964244826977803,1,0.1,0,0.987130530517759,0.559423410034578,NA,0.983400038302182,0.999827697829937,NA,NA,0.885411458854115,1,0.885411458854115,1
"PWY-4861","UDP-&alpha;-D-galacturonate biosynthesis I (from UDP-D-glucuronate)",6,0.556561610584372,0.780156993248129,1,0.1,0,0.901588979413888,0.774640095263595,NA,0.982853857015076,0.999827697829937,NA,NA,0.886511348865114,1,0.886511348865114,1
"PWY-6786","detoxification of reactive carbonyls in chloroplasts",15,0.792132220213633,0.999006197631048,1,0.1,0,0.997851393993132,0.566927874949068,NA,0.984766448854685,0.999827697829937,NA,NA,0.895810418958104,1,0.895810418958104,1
"PWYQT-4482","CDP-diacylglycerol biosynthesis IV",20,0.769131116563326,0.988410022043349,1,0.1,0,0.938855864401861,0.564343720649761,NA,0.984306497146911,0.999827697829937,NA,NA,0.897510248975102,1,0.897510248975102,1
"PWY-7546","diphthamide biosynthesis II (eukaryotes)",5,0.684400012719962,0.76710677205015,1,0.1,0,0.755694438728559,0.587243024901706,NA,0.988019578295284,0.999827697829937,NA,NA,0.898710128987101,1,0.898710128987101,1
"HEXPPSYN-PWY","hexaprenyl diphosphate biosynthesis",2,0.922388749917175,0.960653665081768,1,0.1,0,0.946182132127772,0.598354131556062,NA,0.989547588005866,0.999827697829937,NA,NA,0.899010098990101,1,0.899010098990101,1
"PWY-3561","choline biosynthesis III",16,0.572830763498173,0.944397865713596,1,0.1,0,0.99685586676979,0.974248784109135,NA,0.985776717285499,0.999827697829937,NA,NA,0.899210078992101,1,0.899210078992101,1
"ARG-PRO-PWY","L-arginine degradation VI (arginase 2 pathway)",4,0.720121348891313,0.694115244446094,1,0.1,0,0.776716510740911,0.588405380339622,NA,0.988187319836917,0.999827697829937,NA,NA,0.9005099490051,1,0.9005099490051,1
"PWY-7560","methylerythritol phosphate pathway II",12,0.82857871006992,0.895477464667578,0.594502022718989,0.1,0.701115246731852,0.583717786409504,0.658552972466788,NA,0.98749915770537,0.999827697829937,NA,NA,0.901409859014099,1,0.901409859014099,1
"PHOSLIPSYN2-PWY","superpathway of phospholipid biosynthesis II (plants)",3,0.92234993687666,0.921692885798264,1,0.1,0,0.877271567258362,0.591828474853954,NA,0.988670427550168,0.999827697829937,NA,NA,0.902309769023098,1,0.902309769023098,1
"PWY-6792","scopoletin biosynthesis",11,0.608458343525978,0.628033449988914,1,0.1,0,0.867828006558794,0.578904656436644,NA,0.986759566778376,0.999827697829937,NA,NA,0.903209679032097,1,0.903209679032097,1
"PWY-5783","octaprenyl diphosphate biosynthesis",2,0.922388749917175,0.960653665081768,1,0.1,0,0.946182132127772,0.598354131556062,NA,0.989547588005866,0.999827697829937,NA,NA,0.904509549045096,1,0.904509549045096,1
"CITRULLINE-DEG-PWY","L-citrulline degradation",3,0.603997681506247,0.797970756401778,1,0.1,0,0.912787363990027,0.59144330732916,NA,0.988616871305107,0.999827697829937,NA,NA,0.905509449055094,1,0.905509449055094,1
"TYRFUMCAT-PWY","L-tyrosine degradation I",10,0.591072330121293,0.776685862119729,1,0.1,0,0.885467013553567,0.623115635619335,NA,0.988565096884876,0.999827697829937,NA,NA,0.905609439056094,1,0.905609439056094,1
"PWY-3461","L-tyrosine biosynthesis II",6,0.592418681257453,0.830323430469941,1,0.1,0,0.953253858262842,0.857321579433933,NA,0.988752102481777,0.999827697829937,NA,NA,0.909209079092091,1,0.909209079092091,1
"PWY1F-353","glycine betaine biosynthesis III (plants)",3,0.909562521318599,0.99326773594792,1,0.1,0,0.992373092269223,0.600010161173018,NA,0.989761300564068,0.999827697829937,NA,NA,0.909209079092091,1,0.909209079092091,1
"PWY-7219","adenosine ribonucleotides <i>de novo</i> biosynthesis",11,0.645447787357282,0.89442421566301,1,0.1,0,0.989699950749232,0.597445599126657,NA,0.98942883395831,0.999827697829937,NA,NA,0.90980901909809,1,0.90980901909809,1
"PWY-7344","UDP-&alpha;-D-galactose biosynthesis",7,0.674334918515669,0.922284638088015,1,0.1,0,0.959391961568617,0.598036701861042,NA,0.98950621879496,0.999827697829937,NA,NA,0.912708729127087,1,0.912708729127087,1
"ARGASEDEG-PWY","L-arginine degradation I (arginase pathway)",6,0.750957543685656,0.786023756869535,1,0.1,0,0.753338664673731,0.603218535390641,NA,0.990165395920031,0.999827697829937,NA,NA,0.914908509149085,1,0.914908509149085,1
"PWY-6543","4-aminobenzoate biosynthesis",3,0.960519427974447,0.948629562885735,1,0.1,0,0.882903046598053,0.607930446298639,NA,0.990735636398888,0.999827697829937,NA,NA,0.918008199180082,1,0.918008199180082,1
"PWY-6606","guanosine nucleotides degradation II",14,0.673502173992953,0.899252144464729,0.625760554767212,0.1,0.873106367125397,0.607541235088914,0.777294532628509,NA,0.990689560897057,0.999827697829937,NA,NA,0.918408159184082,1,0.918408159184082,1
"PWY0-1182","trehalose degradation II (cytosolic)",7,0.610578543596945,0.906307412013619,1,0.1,0,0.968936236015396,0.925584327359831,NA,0.991044303169967,0.999827697829937,NA,NA,0.92040795920408,1,0.92040795920408,1
"PWY-601","glucosinolate biosynthesis from tryptophan",37,0.844908246206495,0.933602409409174,0.593494310893132,0.05,1.86956998478675,0.683869434345814,0.724754342791846,NA,0.988899740291182,0.999827697829937,NA,NA,0.921907809219078,1,0.921907809219078,1
"PWY-7227","adenosine deoxyribonucleotides <i>de novo</i> biosynthesis",8,0.753976097800377,0.978852225116386,1,0.1,0,0.974484136538001,0.611032358016516,NA,0.991096364539371,0.999827697829937,NA,NA,0.922207779222078,1,0.922207779222078,1
"PWY-6317","D-galactose degradation I (Leloir pathway)",12,0.741072602533688,0.99032722858718,1,0.1,0,0.995881268813596,0.616652085665308,NA,0.991721235594486,0.999827697829937,NA,NA,0.923107689231077,1,0.923107689231077,1
"PWY-6684","aromatic  glucosinolate activation",7,0.625644127309678,0.912149914846837,1,0.1,0,0.985514907622394,0.849108705965963,NA,0.992647699442009,0.999827697829937,NA,NA,0.928507149285071,1,0.928507149285071,1
"GLYCLEAV-PWY","glycine cleavage",10,0.623752731138176,0.890314386551289,1,0.1,0,0.925473380522514,0.64354382262541,NA,0.99246007925976,0.999827697829937,NA,NA,0.929007099290071,1,0.929007099290071,1
"RIBOSYN2-PWY","flavin biosynthesis I (bacteria and plants)",14,0.826783205834282,0.987081517213512,1,0.1,0,0.995222776566214,0.618720736298433,NA,0.991942210243112,0.999827697829937,NA,NA,0.92950704929507,1,0.92950704929507,1
"PWY-7468","benzoyl-&beta;-<i>D</i>-glucopyranose biosynthesis",2,0.813400962754474,0.933730432565594,1,0.1,0,0.957436266471928,0.631838195168525,NA,0.993236154921424,0.999827697829937,NA,NA,0.93020697930207,1,0.93020697930207,1
"PWY-6039","chlorogenic acid biosynthesis I",22,0.795547581288996,0.970308531855181,0.645977733612354,0.05,0.165830736549719,0.645309632085758,0.6273733327681,NA,0.992815944794648,0.999827697829937,NA,NA,0.931706829317068,1,0.931706829317068,1
"PWY-6441","spermine and spermidine degradation III",9,0.624757510456444,0.9002382252677,1,0.1,0,0.959267228248199,0.706450324984817,NA,0.992560220859902,0.999827697829937,NA,NA,0.933006699330067,1,0.933006699330067,1
"ETHYL-PWY","ethylene biosynthesis I (plants)",24,0.839172616225547,0.996222464575082,0.903052898272639,0.1,0.159852260493786,0.902185296429662,0.624299674069558,NA,0.992514723298838,0.999827697829937,NA,NA,0.936006399360064,1,0.936006399360064,1
"PWY-6938","NADH repair",2,0.633666483058067,0.765409740511692,1,0.1,0,0.84065592137092,0.750918275386115,NA,0.99340244108812,0.999827697829937,NA,NA,0.936606339366063,1,0.936606339366063,1
"PWY-84","resveratrol biosynthesis",3,0.956179593880581,0.97702662807424,1,0.1,0,0.947061353841997,0.635243793026733,NA,0.993543257680644,0.999827697829937,NA,NA,0.94000599940006,1,0.94000599940006,1
"PWY-5441","S-methyl-L-methionine cycle",4,0.642903334350359,0.866887694355106,1,0.1,0,0.949840863543262,0.640995343079048,NA,0.994036511159613,0.999827697829937,NA,NA,0.94010598940106,1,0.94010598940106,1
"PWY-2582","brassinosteroid biosynthesis II",6,0.975508531132309,0.942079656768893,1,0.1,0,0.962534176162945,0.646774194046228,NA,0.994501273440345,0.999827697829937,NA,NA,0.940805919408059,1,0.940805919408059,1
"PWY-5391","syringetin biosynthesis",9,0.884355204388084,0.993567418149839,1,0.1,0,0.984771898291757,0.686878563211889,NA,0.996990017257522,0.999827697829937,NA,NA,0.941105889411059,1,0.941105889411059,1
"PWY-4321","L-glutamate degradation IV",10,0.646152416618652,0.950177130699241,1,0.1,0,0.980446586028107,0.698970238684533,NA,0.99445270617878,0.999827697829937,NA,NA,0.941905809419058,1,0.941905809419058,1
"PWY-3101","flavonol biosynthesis",12,0.816652437099355,0.99149283510821,1,0.1,0,0.992602764901669,0.677440269394167,NA,0.996508188921063,0.999827697829937,NA,NA,0.942205779422058,1,0.942205779422058,1
"PWY-7909","formaldehyde oxidation VII (THF pathway)",6,0.647136988306818,0.828740531895723,1,0.1,0,0.939500917639316,0.926836184107416,NA,0.994529453894853,0.999827697829937,NA,NA,0.945605439456054,1,0.945605439456054,1
"GLUTSYNIII-PWY","L-glutamate biosynthesis III",4,0.739834991792163,0.908864597597769,1,0.1,0,0.840501322036781,0.650901945656817,NA,0.994815138717051,0.999827697829937,NA,NA,0.945805419458054,1,0.945805419458054,1
"PWY-7120","esterified suberin biosynthesis",5,0.651472408029607,0.917392521535653,1,0.1,0,0.973978286689217,0.64984629037475,NA,0.994736269340305,0.999827697829937,NA,NA,0.946005399460054,1,0.946005399460054,1
"PWY-7047","malate-oxaloacetate shuttle I",11,0.99579359199174,0.996487859853805,1,0.1,0,0.971521519495884,0.657706258529979,NA,0.995301115255605,0.999827697829937,NA,NA,0.95020497950205,1,0.95020497950205,1
"DETOX1-PWY-1","reactive oxygen species degradation",20,0.647210343134809,0.762967650211158,0.856971160867668,0.1,0.158522219748571,0.862019293136191,0.703104474886813,NA,0.994535137745886,0.999827697829937,NA,NA,0.950904909509049,1,0.950904909509049,1
"CAMALEXIN-SYN","camalexin biosynthesis",33,0.652625933657673,0.998321408730946,1,0.1,0,0.999945092733118,0.889264600568984,NA,0.994941905225537,0.999827697829937,NA,NA,0.951204879512049,1,0.951204879512049,1
"PWY-401","galactolipid biosynthesis I",6,0.655897384375002,0.878449388035018,1,0.1,0,0.959855406226053,0.877718599649184,NA,0.995175638209222,0.999827697829937,NA,NA,0.952504749525047,1,0.952504749525047,1
"PWY-1269","CMP-3-deoxy-D-<I>manno</I>-octulosonate biosynthesis",4,0.733695220830805,0.90397308873697,1,0.1,0,0.888020441069383,0.65611248226762,NA,0.995190697866965,0.999827697829937,NA,NA,0.953504649535047,1,0.953504649535047,1
"PWY-7224","purine deoxyribonucleosides salvage",10,0.703408736671512,0.943977287467323,1,0.1,0,0.967060400067639,0.665546960476265,NA,0.995815190085181,0.999827697829937,NA,NA,0.953604639536046,1,0.953604639536046,1
"COA-PWY","coenzyme A biosynthesis I (prokaryotic)",6,0.902323530859136,0.873606538581065,1,0.1,0,0.903597255561496,0.670377937585738,NA,0.996108819633468,0.999827697829937,NA,NA,0.955104489551045,1,0.955104489551045,1
"PWY-6762","salicylate glucosides biosynthesis IV",5,0.806113337360735,0.958971161761443,1,0.1,0,0.879238828309862,0.671499984979024,NA,0.996174598984929,0.999827697829937,NA,NA,0.957204279572043,1,0.957204279572043,1
"PWY-7618","ricinoleate biosynthesis",2,0.813209680263957,0.904756997884505,1,0.1,0,0.900173221330843,0.65598007842537,NA,0.995181432328434,0.999827697829937,NA,NA,0.958104189581042,1,0.958104189581042,1
"PWY-2301","<i>myo</i>-inositol biosynthesis",6,0.759784788292071,0.923122719548291,1,0.1,0,0.975674015522544,0.676823354635021,NA,0.99647466946342,0.999827697829937,NA,NA,0.958204179582042,1,0.958204179582042,1
"PWY-5097","L-lysine biosynthesis VI",14,0.902231202984375,0.999297512231132,1,0.1,0,0.999950070185889,0.677638090267543,NA,0.996518883163322,0.999827697829937,NA,NA,0.96040395960404,1,0.96040395960404,1
"PWY-5725","farnesene biosynthesis",15,0.91621468504571,0.999252813899281,1,0.1,0,0.999742760200271,0.676009665273177,NA,0.99643006529625,0.999827697829937,NA,NA,0.961003899610039,1,0.961003899610039,1
"PWY-6367","D-<i>myo</i>-inositol-5-phosphate metabolism",13,0.698581265838903,0.860895442718263,1,0.1,0,0.943742659262663,0.808720568458783,NA,0.997511995232532,0.999827697829937,NA,NA,0.962203779622038,1,0.962203779622038,1
"PWY-7039","phosphatidate metabolism, as a signaling molecule",37,0.684255088534117,0.997312488408495,1,0.1,0,0.999722784364731,0.945459672088454,NA,0.996861791451836,0.999827697829937,NA,NA,0.963103689631037,1,0.963103689631037,1
"PWY-5080","very long chain fatty acid biosynthesis I",46,0.804067648211433,0.992761144736488,0.951902129093722,0.1,1.33852898113683,0.910904463071567,0.672160678979214,NA,0.996212913646896,0.999827697829937,NA,NA,0.963303669633037,1,0.963303669633037,1
"PWY-4984","urea cycle",7,0.790330560297793,0.986782537072263,1,0.1,0,0.996626982215981,0.677954224040165,NA,0.996535919019729,0.999827697829937,NA,NA,0.964503549645035,1,0.964503549645035,1
"PWY-5060","luteolin biosynthesis",4,0.684399066563344,0.784305163464253,1,0.1,0,0.805154757033184,0.746266781253551,NA,0.996868939962967,0.999827697829937,NA,NA,0.964603539646035,1,0.964603539646035,1
"PWY1F-823","leucopelargonidin and leucocyanidin biosynthesis",13,0.811028905914863,0.999293094929977,1,0.1,0,0.997944371855544,0.698610002214971,NA,0.997513181001719,0.999827697829937,NA,NA,0.968903109689031,1,0.968903109689031,1
"PWY-5027","phylloquinol biosynthesis",5,0.692705181802503,0.935281139611849,1,0.1,0,0.930167507494613,0.835043743170188,NA,0.99725983834385,0.999827697829937,NA,NA,0.96980301969803,1,0.96980301969803,1
"PWY-4702","phytate degradation I",4,0.694446828614519,0.848649903199065,1,0.1,0,0.916044925724146,0.807040811455444,NA,0.99733661482241,0.999827697829937,NA,NA,0.970702929707029,1,0.970702929707029,1
"PWYQT-4477","indole glucosinolate activation (intact plant cell)",16,0.712724541300669,0.853919059211716,0.813752456482429,0.1,0.0057418160200542,0.813751326688915,0.777282064710537,NA,0.998043442417904,0.999827697829937,NA,NA,0.971602839716028,1,0.971602839716028,1
"PWY-6556","pyrimidine ribonucleosides salvage II",10,0.709427622154332,0.970054744809372,1,0.1,0,0.980003396091056,0.937968495022371,NA,0.997928563441023,0.999827697829937,NA,NA,0.971802819718028,1,0.971802819718028,1
"PWY-2021","indole-3-acetate inactivation IV",12,0.749997694242801,0.867205488739142,1,0.1,0,0.995303553290062,0.957371030314823,NA,0.999023392464849,0.999827697829937,NA,NA,0.974002599740026,1,0.974002599740026,1
"PWY-7186","superpathway of scopolin and esculin biosynthesis",9,0.837683348572132,0.97929685038225,1,0.1,0,0.968233655361747,0.709399333574958,NA,0.997927554924511,0.999827697829937,NA,NA,0.974102589741026,1,0.974102589741026,1
"METHIONINE-DEG1-PWY","L-methionine degradation I (to L-homocysteine)",6,0.767065509825763,0.826394224125748,1,0.1,0,0.886216569828932,0.705946572720436,NA,0.997801475913587,0.999827697829937,NA,NA,0.974402559744026,1,0.974402559744026,1
"PWY3O-450","phosphatidylcholine biosynthesis I",4,0.705975208616979,0.871410112729835,1,0.1,0,0.889154751742918,0.831518842624656,NA,0.997802546202892,0.999827697829937,NA,NA,0.974802519748025,1,0.974802519748025,1
"PWY-7856","heme <i>a</i> biosynthesis",2,0.679943204018142,0.774311386249914,1,0.1,0,0.775043036252352,0.741750149331039,NA,0.996641577997614,0.999827697829937,NA,NA,0.975102489751025,1,0.975102489751025,1
"PWY-7199","pyrimidine deoxyribonucleosides salvage",28,0.732021750715536,0.996628199334306,1,0.1,0,0.999980750639225,0.979885595391664,NA,0.998618032825039,0.999827697829937,NA,NA,0.975802419758024,1,0.975802419758024,1
"PWY-6219","indole-3-acetate inactivation VIII",12,0.749997694242801,0.867205488739142,1,0.1,0,0.995303553290062,0.957371030314823,NA,0.999023392464849,0.999827697829937,NA,NA,0.976102389761024,1,0.976102389761024,1
"PWY-3841","folate transformations II",25,0.723522459042,0.96748968526481,1,0.1,0,0.996593623210932,0.750843582658008,NA,0.998384528537317,0.999827697829937,NA,NA,0.977502249775023,1,0.977502249775023,1
"PWY-5788","indole-3-acetate inactivation V",12,0.749997694242801,0.867205488739142,1,0.1,0,0.995303553290062,0.957371030314823,NA,0.999023392464849,0.999827697829937,NA,NA,0.978002199780022,1,0.978002199780022,1
"PWY18C3-22","methylsalicylate biosynthesis",8,0.959839688015587,0.962593281481042,1,0.1,0,0.973243834895374,0.739798199805853,NA,0.998807244344636,0.999827697829937,NA,NA,0.978302169783022,1,0.978302169783022,1
"PWY66-21","ethanol degradation II",20,0.733075422107994,0.996315200973885,1,0.1,0,0.999556384932615,0.887474026211644,NA,0.998644988993033,0.999827697829937,NA,NA,0.978502149785021,1,0.978502149785021,1
"LYSINE-DEG2-PWY","lysine degradation II",8,0.875015131239223,0.853051429784447,1,0.1,0,0.972299960016098,0.720595982655578,NA,0.998297201609068,0.999827697829937,NA,NA,0.978602139786021,1,0.978602139786021,1
"ASPARAGINE-DEG1-PWY","L-asparagine degradation I",4,0.712264173017614,0.846418396840466,1,0.1,0,0.84209799070651,0.84125495251723,NA,0.998027714854368,0.999827697829937,NA,NA,0.978702129787021,1,0.978702129787021,1
"PWY-2724","alkane oxidation",11,0.740498774823547,0.985884785289339,1,0.1,0,0.99081476692556,0.903472982627908,NA,0.998823215165061,0.999827697829937,NA,NA,0.97960203979602,1,0.97960203979602,1
"PWY-6596","adenosine nucleotides degradation I",20,0.74610073583009,0.998038431491707,1,0.1,0,0.999653888441228,0.811107937206233,NA,0.998944866987632,0.999827697829937,NA,NA,0.98030196980302,1,0.98030196980302,1
"PWY-6333","acetaldehyde biosynthesis I",9,0.72930289903274,0.951432473048145,1,0.1,0,0.96901490515608,0.904388341635617,NA,0.99854649000148,0.999827697829937,NA,NA,0.981001899810019,1,0.981001899810019,1
"PWY-1822","indole-3-acetate activation I",4,0.847279859929437,0.749840564232658,1,0.1,0,0.855360766296939,0.717878801160038,NA,0.998212777582331,0.999827697829937,NA,NA,0.981201879812019,1,0.981201879812019,1
"PWY-5122","geranyl diphosphate biosynthesis",14,0.800113939024916,0.938558425399254,1,0.1,0,0.947639142806608,0.7415391922368,NA,0.998846617158084,0.999827697829937,NA,NA,0.982501749825017,1,0.982501749825017,1
"PWY-5123","<i>trans, trans</i>-farnesyl diphosphate biosynthesis",17,0.85735260915545,0.97531720594495,1,0.1,0,0.972170321214992,0.746367845069029,NA,0.998950405471603,0.999827697829937,NA,NA,0.984301569843016,1,0.984301569843016,1
"PWY-7859","jasmonoyl-L-isoleucine inactivation",10,0.764386994741537,0.959524270693253,1,0.1,0,0.984289692493926,0.819176797164326,NA,0.999273900238977,0.999827697829937,NA,NA,0.984601539846015,1,0.984601539846015,1
"PWY-4661","1D-<i>myo</i>-inositol hexakisphosphate biosynthesis III (<i>Spirodela polyrrhiza</i>)",12,0.949497903790579,0.989229812974178,1,0.1,0,0.996841930065186,0.752055921625077,NA,0.999062937188548,0.999827697829937,NA,NA,0.984801519848015,1,0.984801519848015,1
"PWY-5188","tetrapyrrole biosynthesis I (from glutamate)",9,0.752740150637863,0.977681453041995,1,0.1,0,0.992413475442431,0.814258103675264,NA,0.999075795664228,0.999827697829937,NA,NA,0.985401459854015,1,0.985401459854015,1
"PWY-6164","3-dehydroquinate biosynthesis I",4,0.944798288282856,0.82415824107143,1,0.1,0,0.813566129976721,0.734330345501265,NA,0.998676543245444,0.999827697829937,NA,NA,0.985901409859014,1,0.985901409859014,1
"PWY-735","jasmonic acid biosynthesis",26,0.879516777795872,0.986211448947111,0.916051418856896,0.1,0.203371952014845,0.918521286246417,0.756908592169582,NA,0.999151116594212,0.999827697829937,NA,NA,0.986101389861014,1,0.986101389861014,1
"PWY-6446","benzoate biosynthesis III (CoA-dependent, non-&beta;-oxidative)",7,0.7502454450622,0.938051587822444,1,0.1,0,0.975284131871971,0.891744928024997,NA,0.999028221945096,0.999827697829937,NA,NA,0.987101289871013,1,0.987101289871013,1
"PWY-7204","pyridoxal 5'-phosphate salvage II (plants)",12,0.769651337102991,0.965598786825844,1,0.1,0,0.996389150384433,0.878800683793651,NA,0.99935147237796,0.999827697829937,NA,NA,0.987101289871013,1,0.987101289871013,1
"PWY4FS-13","extended VTC2 cycle",2,0.807147908529387,0.843784974026815,1,0.1,0,0.805656150448617,0.696182653847327,NA,0.997411412621757,0.999827697829937,NA,NA,0.987201279872013,1,0.987201279872013,1
"PWY4FS-12","VTC2 cycle",2,0.807147908529387,0.843784974026815,1,0.1,0,0.805656150448617,0.696182653847327,NA,0.997411412621757,0.999827697829937,NA,NA,0.987601239876012,1,0.987601239876012,1
"DETOX1-PWY","superoxide radicals degradation",14,0.77343580088311,0.927870281551923,1,0.1,0,0.896759498931439,0.782247799783812,NA,0.9994030246123,0.999827697829937,NA,NA,0.987701229877012,1,0.987701229877012,1
"PWY0-166","superpathway of pyrimidine deoxyribonucleotides <i>de novo</i> biosynthesis (<i>E. coli</i>)",23,0.827445360959469,0.999925569089963,1,0.1,0,0.999973722773478,0.785354440685772,NA,0.999544372907574,0.999827697829937,NA,NA,0.989301069893011,1,0.989301069893011,1
"PWY-5453","methylglyoxal degradation III",12,0.823731532971823,0.999421036318958,1,0.1,0,0.992659503626454,0.773521661726622,NA,0.999404154931559,0.999827697829937,NA,NA,0.98980101989801,1,0.98980101989801,1
"ASPARTATESYN-PWY","L-aspartate biosynthesis",7,0.767661596357647,0.983631248760946,1,0.1,0,0.98855682267669,0.845597613454654,NA,0.999322974533126,0.999827697829937,NA,NA,0.99000099990001,1,0.99000099990001,1
"DTDPRHAMSYN-PWY","dTDP-L-rhamnose biosynthesis",3,0.871491475136746,0.908150304847241,1,0.1,0,0.918287525877459,0.73715377039601,NA,0.998745389960945,0.999827697829937,NA,NA,0.99000099990001,1,0.99000099990001,1
"ASPARTATE-DEG1-PWY","L-aspartate degradation I",7,0.767661596357647,0.983631248760946,1,0.1,0,0.98855682267669,0.845597613454654,NA,0.999322974533126,0.999827697829937,NA,NA,0.990800919908009,1,0.990800919908009,1
"PWY-3001","superpathway of L-isoleucine biosynthesis I",7,0.767661596357647,0.983631248760946,1,0.1,0,0.98855682267669,0.845597613454654,NA,0.999322974533126,0.999827697829937,NA,NA,0.991500849915009,1,0.991500849915009,1
"PLPSAL-PWY","pyridoxal 5'-phosphate salvage I",3,0.891845189634081,0.875926681808829,1,0.1,0,0.884646719142668,0.742586198644634,NA,0.998869790013422,0.999827697829937,NA,NA,0.991700829917008,1,0.991700829917008,1
"PWY-6352","3-phosphoinositide biosynthesis",47,0.816978202333391,0.998615707934932,0.986862831498189,0.1,0.294776176997659,0.985616587162395,0.781612686729659,NA,0.999503250970931,0.999827697829937,NA,NA,0.992100789921008,1,0.992100789921008,1
"PWY-6064","methylquercetin biosynthesis",2,0.92437262219665,0.808353049001196,1,0.1,0,0.715321107595775,0.708340855467437,NA,0.997889535806977,0.999827697829937,NA,NA,0.993500649935007,1,0.993500649935007,1
"PWY-7416","phospholipid remodeling (phosphatidylcholine, yeast)",27,0.7995823655299,0.997753494686355,1,0.1,0,0.999969017134522,0.979391404995927,NA,0.999676644941587,0.999827697829937,NA,NA,0.994000599940006,1,0.994000599940006,1
"PWY-6348","phosphate acquisition",33,0.862384702593173,0.91787672535111,0.964697257691991,0.1,0.0765256223969453,0.964546612970488,0.823291211485089,NA,0.999827697829937,0.999827697829937,NA,NA,0.996700329967003,1,0.996700329967003,1
"PWY-3181","L-tryptophan degradation VI (via tryptamine)",5,0.901547139009573,0.895649156075768,1,0.1,0,0.876211957639999,0.798525649398613,NA,0.999668030011757,0.999827697829937,NA,NA,0.996800319968003,1,0.996800319968003,1
"PWY-7528","L-methionine salvage cycle I (bacteria and plants)",4,0.843925299270595,0.895643000481582,1,0.1,0,0.882006799728189,0.792026440804703,NA,0.999610918464341,0.999827697829937,NA,NA,0.997300269973003,1,0.997300269973003,1
"SAM-PWY","S-adenosyl-L-methionine biosynthesis",4,0.843925299270595,0.895643000481582,1,0.1,0,0.882006799728189,0.792026440804703,NA,0.999610918464341,0.999827697829937,NA,NA,0.997600239976002,1,0.997600239976002,1
"MALATE-ASPARTATE-SHUTTLE-PWY","L-aspartate degradation II",18,0.99318152644622,0.99978651042164,1,0.1,0,0.997041800135555,0.829506779973977,NA,0.99968,0.999827697829937,NA,NA,0.999000099990001,1,0.999000099990001,1
"PWY-6668","(<i>E,E</i>)-4,8,12-trimethyltrideca-1,3,7,11-tetraene biosynthesis",2,0.724767496962574,0.76963458838126,1,0.1,0,0.732554810135106,0.739898181856385,NA,0.998420576488478,0.999827697829937,NA,NA,0.999300069993001,1,0.999300069993001,1
"PWY-2501","fatty acid &alpha;-oxidation I",8,0.905773476364802,0.982180032845628,1,0.1,0,0.991725826102982,0.864229359302443,NA,0.99968,0.999827697829937,NA,NA,1,1,1,1
"PWY-5120","geranylgeranyl diphosphate biosynthesis",14,0.851887669932268,0.983250670248776,1,0.1,0,0.982738436610294,0.847810644346265,NA,0.99968,0.999827697829937,NA,NA,1,1,1,1
"PWY-5121","superpathway of geranylgeranyl diphosphate biosynthesis II (via MEP)",14,0.851887669932268,0.983250670248775,1,0.1,0,0.982738436610294,0.847810644346265,NA,0.99968,0.999827697829937,NA,NA,1,1,1,1
"PWY-5125","anthocyanin biosynthesis",12,0.875432057019276,0.931891639050183,1,0.1,0,0.98889831462241,0.845502560218035,NA,0.99968,0.999827697829937,NA,NA,1,1,1,1
"PWY-5337","stachyose biosynthesis",12,0.821602278377342,0.989592795014929,1,0.1,0,0.990087493439709,0.881329455688319,NA,0.99968,0.999827697829937,NA,NA,1,1,1,1
"PWY-5910","superpathway of geranylgeranyldiphosphate biosynthesis I (via mevalonate)",14,0.851887669932268,0.983250670248775,1,0.1,0,0.982738436610294,0.847810644346265,NA,0.99968,0.999827697829937,NA,NA,1,1,1,1
"PWY-6444","benzoate biosynthesis II (CoA-independent, non-&beta;-oxidative)",11,0.907423860179209,0.998169287364327,1,0.1,0,0.99701684124308,0.831269994184044,NA,0.99968,0.999827697829937,NA,NA,1,1,1,1
"PWY-6754","<i>S</i>-methyl-5'-thioadenosine degradation I",6,0.869680233322507,0.90800408279779,1,0.1,0,0.905443558659184,0.883197865722211,NA,0.99968,0.999827697829937,NA,NA,1,1,1,1
"PWY-6927","chlorophyll <i>a</i> degradation II",13,0.855531954607931,0.980177958558911,1,0.1,0,0.996675925340463,0.838394502091424,NA,0.99968,0.999827697829937,NA,NA,1,1,1,1
"PWY-7187","pyrimidine deoxyribonucleotides <i>de novo</i> biosynthesis II",15,0.844866957749822,0.997120441298986,1,0.1,0,0.998970161187721,0.825022049002026,NA,0.99968,0.999827697829937,NA,NA,1,1,1,1
"PWYQT-4449","polyisoprenoid biosynthesis",15,0.847133252107968,0.99094101077138,1,0.1,0,0.987083130276065,0.854399067216729,NA,0.99968,0.999827697829937,NA,NA,1,1,1,1
