pathway_rank,pathway_id,pathway_name,n_genes,omni_p_final,FDR_BH,dominant_component,agreement_score,genes_used
1,PWY-3981,&beta;-alanine biosynthesis I,10,9.99900009999e-5,5.61587676848754e-4,tfisher_p_analytic,1,SORBI_3002G318100;SORBI_3002G215700;SORBI_3006G163300;SORBI_3004G250900;SORBI_3004G300800;SORBI_3008G057500;SORBI_3005G064800;SORBI_3003G203500;SORBI_3010G178300;SORBI_3010G113000
2,PWY-6554,"1D-<i>myo</i>-inositol hexakisphosphate biosynthesis V (from Ins(1,3,4)P3)",8,9.99900009999e-5,5.61587676848754e-4,tfisher_p_analytic,0.8,SORBI_3004G160800;SORBI_3004G141100;SORBI_3001G106900;SORBI_3001G278700;SORBI_3001G286100;SORBI_3001G447200;SORBI_3002G266300;SORBI_3006G251500
3,PWY-5046,2-oxoisovalerate decarboxylation to isobutanoyl-CoA,9,9.99900009999e-5,5.61587676848754e-4,tfisher_p_analytic,0.6,SORBI_3005G044600;SORBI_3009G052200;SORBI_3009G054600;SORBI_3003G155300;SORBI_3003G152900;SORBI_3003G148800;SORBI_3008G062200;SORBI_3002G392800;SORBI_3002G046800
4,PWY-6147,6-hydroxymethyl-dihydropterin diphosphate biosynthesis I,5,9.99900009999e-5,5.61587676848754e-4,tfisher_p_analytic,1,SORBI_3006G254100;SORBI_3007G172600;SORBI_3002G296500;SORBI_3003G146800;SORBI_3002G376200
5,PWY-2781,<i>cis</i>-zeatin biosynthesis,4,9.99900009999e-5,5.61587676848754e-4,tfisher_p_analytic,1,SORBI_3010G277700;SORBI_3003G442000;SORBI_3009G223100;SORBI_3002G407800
6,PWY-5123,"<i>trans, trans</i>-farnesyl diphosphate biosynthesis",7,9.99900009999e-5,5.61587676848754e-4,tfisher_p_analytic,1,SORBI_3009G137700;SORBI_3004G327500;SORBI_3002G330500;SORBI_3003G270500;SORBI_3009G216800;SORBI_3006G248000;SORBI_3002G353300
7,PWY-2681,<i>trans</i>-zeatin biosynthesis,21,9.99900009999e-5,5.61587676848754e-4,tfisher_p_analytic,1,SORBI_3003G162200;SORBI_3003G261700;SORBI_3009G223100;SORBI_3001G042901;SORBI_3006G059900;SORBI_3002G076700;SORBI_3003G202200;SORBI_3003G273700;SORBI_3009G254900;SORBI_3009G214600;SORBI_3004G221100;SORBI_3001G127700;SORBI_3001G374200;SORBI_3001G004500;SORBI_3001G217700;SORBI_3006G149300;SORBI_3002G286400;SORBI_3002G102900;SORBI_3004G352000;SORBI_3007G133600;SORBI_3002G197000
8,PWY-5667,CDP-diacylglycerol biosynthesis I,29,9.99900009999e-5,5.61587676848754e-4,tfisher_p_analytic,1,SORBI_3003G142500;SORBI_3003G229700;SORBI_3003G360700;SORBI_3003G114200;SORBI_3009G157000;SORBI_3009G162000;SORBI_3009G202600;SORBI_3005G214400;SORBI_3008G130800;SORBI_3001G099300;SORBI_3001G250200;SORBI_3001G283700;SORBI_3001G026100;SORBI_3001G493300;SORBI_3006G041266;SORBI_3002G325300;SORBI_3003G317500;SORBI_3009G188900;SORBI_3009G015800;SORBI_3005G197100;SORBI_3008G112100;SORBI_3001G206000;SORBI_3006G221500;SORBI_3002G267500;SORBI_3003G073800;SORBI_3003G301900;SORBI_3005G149300;SORBI_3004G025400;SORBI_3002G167100
9,PWY0-1319,CDP-diacylglycerol biosynthesis II,21,9.99900009999e-5,5.61587676848754e-4,tfisher_p_analytic,1,SORBI_3003G142500;SORBI_3003G229700;SORBI_3003G360700;SORBI_3003G114200;SORBI_3009G157000;SORBI_3009G162000;SORBI_3009G202600;SORBI_3005G214400;SORBI_3008G130800;SORBI_3001G099300;SORBI_3001G250200;SORBI_3001G283700;SORBI_3001G026100;SORBI_3001G493300;SORBI_3006G041266;SORBI_3002G325300;SORBI_3003G073800;SORBI_3003G301900;SORBI_3005G149300;SORBI_3004G025400;SORBI_3002G167100
10,PWY-1269,CMP-3-deoxy-D-<I>manno</I>-octulosonate biosynthesis,3,9.99900009999e-5,5.61587676848754e-4,tfisher_p_analytic,1,SORBI_3004G047400;SORBI_3008G075200;SORBI_3009G231100
11,PWY-6363,"D-<i>myo</i>-inositol (1,4,5)-trisphosphate degradation",7,9.99900009999e-5,5.61587676848754e-4,tfisher_p_analytic,0.8,SORBI_3009G211400;SORBI_3009G211600;SORBI_3004G023000;SORBI_3004G355000;SORBI_3007G198300;SORBI_3002G254700;SORBI_3009G048900
12,PWY-6949,DIBOA-glucoside biosynthesis,39,9.99900009999e-5,5.61587676848754e-4,tfisher_p_analytic,1,SORBI_3010G249800;SORBI_3009G230400;SORBI_3001G030600;SORBI_3001G030500;SORBI_3001G030900;SORBI_3002G085200;SORBI_3002G085300;SORBI_3002G085700;SORBI_3002G085800;SORBI_3002G085100;SORBI_3002G088000;SORBI_3001G056400;SORBI_3001G056500;SORBI_3010G198000;SORBI_3007G032000;SORBI_3001G056601;SORBI_3002G054700;SORBI_3003G089600;SORBI_3007G034900;SORBI_3007G003900;SORBI_3007G003250;SORBI_3007G003600;SORBI_3007G003500;SORBI_3007G003700;SORBI_3007G003300;SORBI_3006G136500;SORBI_3010G230900;SORBI_3005G127000;SORBI_3005G206100;SORBI_3004G108800;SORBI_3007G092900;SORBI_3007G003400;SORBI_3007G093000;SORBI_3007G133766;SORBI_3001G369500;SORBI_3001G349900;SORBI_3006G044100;SORBI_3006G022900;SORBI_3006G043800
13,PWY-6066,IAA biosynthesis VII,3,9.99900009999e-5,5.61587676848754e-4,tfisher_p_analytic,1,SORBI_3002G415900;SORBI_3009G219500;SORBI_3002G111200
14,GLUGLNSYN-PWY,L-glutamate biosynthesis IV,6,9.99900009999e-5,5.61587676848754e-4,tfisher_p_analytic,1,SORBI_3007G174600;SORBI_3004G209300;SORBI_3005G150250;SORBI_3009G225700;SORBI_3003G258800;SORBI_3010G060800
15,PWY-6549,L-glutamine biosynthesis III,26,9.99900009999e-5,5.61587676848754e-4,tfisher_p_analytic,0.8,SORBI_3006G141600;SORBI_3009G238900;SORBI_3003G241500;SORBI_3007G068100;SORBI_3001G512800;SORBI_3006G000100;SORBI_3002G316900;SORBI_3004G247000;SORBI_3001G231000;SORBI_3001G116400;SORBI_3001G451500;SORBI_3006G249400;SORBI_3002G402700;SORBI_3003G129900;SORBI_3004G202100;SORBI_3006G120900;SORBI_3004G101900;SORBI_3004G078000;SORBI_3010G160700;SORBI_3003G100600;SORBI_3003G301800;SORBI_3004G106900;SORBI_3007G106500;SORBI_3002G167000;SORBI_3009G132900;SORBI_3001G326900
16,GLUTAMINDEG-PWY,L-glutamine degradation I,34,9.99900009999e-5,5.61587676848754e-4,fisher_p,1,SORBI_3003G221200;SORBI_3003G241000;SORBI_3003G017300;SORBI_3009G239500;SORBI_3009G239301;SORBI_3008G127100;SORBI_3003G193700;SORBI_3004G265900;SORBI_3007G104300;SORBI_3010G060800;SORBI_3003G258800;SORBI_3009G225700;SORBI_3005G150250;SORBI_3004G209300;SORBI_3007G174600;SORBI_3010G110000;SORBI_3005G003200;SORBI_3008G139800;SORBI_3001G406800;SORBI_3001G432300;SORBI_3006G278500;SORBI_3001G265500;SORBI_3001G151700;SORBI_3006G028000;SORBI_3006G027900;SORBI_3002G301500;SORBI_3005G143500;SORBI_3005G139300;SORBI_3006G237100;SORBI_3002G301600;SORBI_3002G301700;SORBI_3004G028500;SORBI_3002G005600;SORBI_3002G402700
17,PWY-5097,L-lysine biosynthesis VI,15,9.99900009999e-5,5.61587676848754e-4,tfisher_p_analytic,1,SORBI_3007G171200;SORBI_3001G438600;SORBI_3001G531800;SORBI_3008G038600;SORBI_3008G133600;SORBI_3008G133500;SORBI_3001G401700;SORBI_3001G471100;SORBI_3010G216300;SORBI_3006G186600;SORBI_3001G081900;SORBI_3003G412100;SORBI_3001G011700;SORBI_3002G111800;SORBI_3002G155100
18,PWY-3462,L-phenylalanine biosynthesis II,6,9.99900009999e-5,5.61587676848754e-4,tfisher_p_analytic,0.8,SORBI_3001G320700;SORBI_3006G066200;SORBI_3002G133100;SORBI_3003G306100;SORBI_3004G065500;SORBI_3007G141500
19,HOMOSER-THRESYN-PWY,L-threonine biosynthesis,3,9.99900009999e-5,5.61587676848754e-4,tfisher_p_analytic,1,SORBI_3003G265400;SORBI_3009G220000;SORBI_3004G357900
20,TYRFUMCAT-PWY,L-tyrosine degradation I,8,9.99900009999e-5,5.61587676848754e-4,tfisher_p_analytic,0.8,SORBI_3003G045600;SORBI_3005G200300;SORBI_3004G080100;SORBI_3004G182800;SORBI_3010G001600;SORBI_3004G053700;SORBI_3002G104200;SORBI_3002G105600
21,VALSYN-PWY,L-valine biosynthesis,6,9.99900009999e-5,5.61587676848754e-4,tfisher_p_analytic,1,SORBI_3005G082200;SORBI_3004G210000;SORBI_3004G155800;SORBI_3003G239900;SORBI_3009G239900;SORBI_3007G167800
22,PWY4LZ-81,Organic Nitrogen Assimilation,20,9.99900009999e-5,5.61587676848754e-4,tfisher_p_analytic,1,SORBI_3007G174600;SORBI_3004G209300;SORBI_3005G150250;SORBI_3009G225700;SORBI_3003G258800;SORBI_3010G060800;SORBI_3002G402700;SORBI_3004G247000;SORBI_3001G231000;SORBI_3001G116400;SORBI_3001G451500;SORBI_3006G249400;SORBI_3004G351000;SORBI_3006G270100;SORBI_3001G026900;SORBI_3002G090200;SORBI_3002G090300;SORBI_3001G325200;SORBI_3001G156100;SORBI_3004G268100
23,PWY-5690,TCA cycle II (plants and fungi),29,9.99900009999e-5,5.61587676848754e-4,tfisher_p_analytic,1,SORBI_3010G031000;SORBI_3010G015200;SORBI_3007G023400;SORBI_3001G072000;SORBI_3001G206700;SORBI_3002G185100;SORBI_3002G028700;SORBI_3002G149000;SORBI_3003G238500;SORBI_3009G240700;SORBI_3008G186200;SORBI_3007G137600;SORBI_3001G073900;SORBI_3001G219300;SORBI_3006G170800;SORBI_3002G385700;SORBI_3002G309400;SORBI_3003G129900;SORBI_3004G202100;SORBI_3006G120900;SORBI_3007G068100;SORBI_3001G512800;SORBI_3006G000100;SORBI_3002G316900;SORBI_3004G101900;SORBI_3004G078000;SORBI_3004G218600;SORBI_3002G352200;SORBI_3001G378800
24,PWY-7176,UTP and CTP <i>de novo</i> biosynthesis,12,9.99900009999e-5,5.61587676848754e-4,tfisher_p_analytic,1,SORBI_3008G127100;SORBI_3009G239301;SORBI_3009G239500;SORBI_3003G017300;SORBI_3003G241000;SORBI_3003G221200;SORBI_3010G007500;SORBI_3003G439600;SORBI_3004G318100;SORBI_3007G223100;SORBI_3006G003300;SORBI_3006G065800
25,PWY-7185,UTP and CTP dephosphorylation I,26,9.99900009999e-5,5.61587676848754e-4,tfisher_p_analytic,1,SORBI_3002G420600;SORBI_3001G356200;SORBI_3001G385000;SORBI_3007G137900;SORBI_3008G022100;SORBI_3008G021900;SORBI_3005G085901;SORBI_3005G018300;SORBI_3005G099500;SORBI_3005G086000;SORBI_3005G018200;SORBI_3009G166600;SORBI_3002G072300;SORBI_3002G206800;SORBI_3001G153300;SORBI_3001G073500;SORBI_3001G125000;SORBI_3003G274200;SORBI_3003G113200;SORBI_3003G061200;SORBI_3008G127100;SORBI_3009G239301;SORBI_3009G239500;SORBI_3003G017300;SORBI_3003G241000;SORBI_3003G221200
26,PWY-6333,acetaldehyde biosynthesis I,11,9.99900009999e-5,5.61587676848754e-4,tfisher_p_analytic,1,SORBI_3002G379200;SORBI_3002G379100;SORBI_3001G264000;SORBI_3001G475800;SORBI_3001G097600;SORBI_3001G475900;SORBI_3001G263900;SORBI_3004G226500;SORBI_3004G343200;SORBI_3005G103300;SORBI_3005G103500
27,PWY-3781,aerobic respiration I (cytochrome c),298,9.99900009999e-5,5.61587676848754e-4,fisher_p,1,SORBI_3002G149000;SORBI_3002G028700;SORBI_3002G185100;SORBI_3001G206700;SORBI_3001G072000;SORBI_3007G023400;SORBI_3010G015200;SORBI_3010G031000;SORBI_3010G032300;SORBI_3010G085000;SORBI_3010G091500;SORBI_3010G134600;SORBI_3010G189200;SORBI_3010G088200;SORBI_3010G138700;SORBI_3010G258600;SORBI_3010G011800;SORBI_3010G115400;SORBI_3010G197400;SORBI_3010G255800;SORBI_3010G067000;SORBI_3010G190900;SORBI_3010G232700;SORBI_3010G092801;SORBI_3010G028700;SORBI_3010G097700;SORBI_3010G181000;SORBI_3010G032600;SORBI_3010G256000;SORBI_3010G066900;SORBI_3010G153600;SORBI_3010G227000;SORBI_3010G244400;SORBI_3010G250500;SORBI_3010G015700;SORBI_3003G420000;SORBI_3003G350000;SORBI_3003G183900;SORBI_3003G142400;SORBI_3003G306800;SORBI_3003G336400;SORBI_3003G399900;SORBI_3003G356100;SORBI_3003G433600;SORBI_3003G109000;SORBI_3003G128000;SORBI_3003G236150;SORBI_3003G337200;SORBI_3003G119100;SORBI_3003G182501;SORBI_3003G276800;SORBI_3003G299200;SORBI_3003G325900;SORBI_3003G333200;SORBI_3003G419800;SORBI_3003G289500;SORBI_3003G030100;SORBI_3003G203100;SORBI_3003G137300;SORBI_3003G239000;SORBI_3003G399100;SORBI_3003G277100;SORBI_3003G334200;SORBI_3003G398900;SORBI_3003G202700;SORBI_3003G223000;SORBI_3003G237100;SORBI_3003G047400;SORBI_3003G014700;SORBI_3003G218400;SORBI_3003G377200;SORBI_3003G380100;SORBI_3009G013800;SORBI_3009G042500;SORBI_3009G079400;SORBI_3009G241200;SORBI_3009G134400;SORBI_3009G155400;SORBI_3009G210800;SORBI_3009G136200;SORBI_3009G140400;SORBI_3009G054200;SORBI_3009G116400;SORBI_3009G205000;SORBI_3009G245600;SORBI_3009G211100;SORBI_3009G238700;SORBI_3009G250700;SORBI_3009G251600;SORBI_3009G254200;SORBI_3005G008400;SORBI_3005G017100;SORBI_3005G081000;SORBI_3005G212201;SORBI_3005G020000;SORBI_3005G110550;SORBI_3005G110400;SORBI_3005G210700;SORBI_3005G168300;SORBI_3005G044900;SORBI_3008G088812;SORBI_3008G099900;SORBI_3008G009000;SORBI_3008G009500;SORBI_3008G066900;SORBI_3008G028400;SORBI_3008G047100;SORBI_3008G163400;SORBI_3008G179000;SORBI_3008G147400;SORBI_3008G170600;SORBI_3008G149200;SORBI_3008G041000;SORBI_3008G100400;SORBI_3008G082800;SORBI_3008G009300;SORBI_3008G072300;SORBI_3004G025100;SORBI_3008G031200;SORBI_3004G053100;SORBI_3004G312000;SORBI_3004G141600;SORBI_3004G303466;SORBI_3004G291100;SORBI_3004G272600;SORBI_3004G290400;SORBI_3004G027700;SORBI_3004G199400;SORBI_3004G217900;SORBI_3004G346200;SORBI_3004G174800;SORBI_3004G241000;SORBI_3004G266300;SORBI_3004G051600;SORBI_3004G164100;SORBI_3004G356600;SORBI_3004G250100;SORBI_3004G282000;SORBI_3004G255300;SORBI_3004G176500;SORBI_3007G179600;SORBI_3007G182600;SORBI_3007G201400;SORBI_3007G069101;SORBI_3007G216401;SORBI_3007G226400;SORBI_3007G006800;SORBI_3007G137800;SORBI_3007G015300;SORBI_3007G091500;SORBI_3007G030000;SORBI_3001G312700;SORBI_3007G033900;SORBI_3007G208400;SORBI_3001G509600;SORBI_3001G001200;SORBI_3001G219700;SORBI_3001G094600;SORBI_3001G016300;SORBI_3001G052100;SORBI_3001G256400;SORBI_3001G520700;SORBI_3001G025800;SORBI_3001G058400;SORBI_3001G212200;SORBI_3001G423200;SORBI_3001G003900;SORBI_3001G332700;SORBI_3001G016100;SORBI_3001G161100;SORBI_3001G010000;SORBI_3001G444200;SORBI_3001G412200;SORBI_3001G149100;SORBI_3001G513000;SORBI_3001G151300;SORBI_3001G292800;SORBI_3001G399800;SORBI_3001G436600;SORBI_3001G440300;SORBI_3001G009400;SORBI_3001G392100;SORBI_3001G478900;SORBI_3001G117600;SORBI_3001G282300;SORBI_3001G069300;SORBI_3001G491500;SORBI_3001G033600;SORBI_3001G347100;SORBI_3001G509700;SORBI_3001G072900;SORBI_3001G490700;SORBI_3006G262800;SORBI_3006G149500;SORBI_3006G153300;SORBI_3006G266000;SORBI_3006G073600;SORBI_3006G109400;SORBI_3006G146400;SORBI_3006G192600;SORBI_3006G122100;SORBI_3006G146900;SORBI_3006G272300;SORBI_3006G085900;SORBI_3006G114300;SORBI_3006G061000;SORBI_3006G204600;SORBI_3006G275900;SORBI_3006G085800;SORBI_3006G089900;SORBI_3006G069100;SORBI_3006G128600;SORBI_3006G273900;SORBI_3002G235600;SORBI_3002G098600;SORBI_3002G120200;SORBI_3002G358900;SORBI_3002G111700;SORBI_3002G172500;SORBI_3002G251800;SORBI_3002G385200;SORBI_3002G240900;SORBI_3002G389200;SORBI_3002G042900;SORBI_3002G384800;SORBI_3002G198801;SORBI_3002G034400;SORBI_3002G198100;SORBI_3002G292300;SORBI_3002G084400;SORBI_3002G403500;SORBI_3002G007000;SORBI_3002G167400;SORBI_3002G267600;SORBI_3002G411700;SORBI_3002G110400;SORBI_3002G200500;SORBI_3002G048200;SORBI_3002G065200;SORBI_3002G390200;SORBI_3010G201266;SORBI_3010G098800;SORBI_3003G170300;SORBI_3003G172966;SORBI_3003G296800;SORBI_3003G429200;SORBI_3003G173032;SORBI_3003G168300;SORBI_3003G416200;SORBI_3003G322300;SORBI_3003G429300;SORBI_3003G135600;SORBI_3003G286200;SORBI_3003G429000;SORBI_3003G279200;SORBI_3003G173200;SORBI_3009G176000;SORBI_3009G209400;SORBI_3009G095720;SORBI_3009G191400;SORBI_3005G031000;SORBI_3004G166400;SORBI_3004G344800;SORBI_3004G249200;SORBI_3004G155100;SORBI_3007G211500;SORBI_3007G172300;SORBI_3007G134900;SORBI_3007G168400;SORBI_3007G133500;SORBI_3001G286200;SORBI_3001G164350;SORBI_3001G282500;SORBI_3001G473400;SORBI_3001G519000;SORBI_3001G073600;SORBI_3001G134200;SORBI_3001G115700;SORBI_3001G230050;SORBI_3001G251750;SORBI_3001G392800;SORBI_3002G149550;SORBI_3002G254500;SORBI_3002G396700;SORBI_3002G246200;SORBI_3002G308300;SORBI_3002G356400;SORBI_3002G395000;SORBI_3003G274800;SORBI_3003G168600;SORBI_3004G342100;SORBI_3007G171500;SORBI_3001G458800;SORBI_3002G342600;SORBI_3006G058900;SORBI_3004G159000;SORBI_3003G440600;SORBI_3003G034900
28,PWY-6963,ammonia assimilation cycle I,11,9.99900009999e-5,5.61587676848754e-4,tfisher_p_analytic,1,SORBI_3004G247000;SORBI_3001G231000;SORBI_3001G116400;SORBI_3001G451500;SORBI_3006G249400;SORBI_3010G060800;SORBI_3003G258800;SORBI_3009G225700;SORBI_3005G150250;SORBI_3004G209300;SORBI_3007G174600
29,PWY-7253,apigeninidin 5-<i>O</i>-glucoside biosynthesis,31,9.99900009999e-5,5.61587676848754e-4,tfisher_p_analytic,1,SORBI_3010G022700;SORBI_3010G022850;SORBI_3010G048600;SORBI_3010G245701;SORBI_3010G048500;SORBI_3003G287800;SORBI_3003G287700;SORBI_3003G288000;SORBI_3003G287600;SORBI_3003G288100;SORBI_3003G293700;SORBI_3009G205600;SORBI_3009G205800;SORBI_3009G206400;SORBI_3009G206300;SORBI_3009G205900;SORBI_3009G206000;SORBI_3009G205700;SORBI_3008G149000;SORBI_3007G100700;SORBI_3007G027301;SORBI_3001G377200;SORBI_3006G124100;SORBI_3002G311501;SORBI_3002G311400;SORBI_3002G079801;SORBI_3002G311300;SORBI_3002G311700;SORBI_3002G312000;SORBI_3002G130200;SORBI_3002G337400
30,PWY-3385,choline biosynthesis I,12,9.99900009999e-5,5.61587676848754e-4,tfisher_p_analytic,1,SORBI_3003G354500;SORBI_3003G266600;SORBI_3003G266500;SORBI_3009G120400;SORBI_3009G218900;SORBI_3004G291700;SORBI_3001G219800;SORBI_3003G277700;SORBI_3003G040700;SORBI_3009G211000;SORBI_3002G053600;SORBI_3002G214400
31,PWY-5968,cinnamate esters biosynthesis,7,9.99900009999e-5,5.61587676848754e-4,tfisher_p_analytic,1,SORBI_3003G233100;SORBI_3003G233000;SORBI_3003G232900;SORBI_3009G224100;SORBI_3001G459700;SORBI_3001G093100;SORBI_3002G366500
32,PWY-6540,costunolide biosynthesis,5,9.99900009999e-5,5.61587676848754e-4,tfisher_p_analytic,1,SORBI_3009G172800;SORBI_3009G196700;SORBI_3005G211400;SORBI_3006G121800;SORBI_3009G064400
33,PWY-5398,crocetin esters biosynthesis,8,9.99900009999e-5,5.61587676848754e-4,tfisher_p_analytic,0.6,SORBI_3010G178900;SORBI_3010G179500;SORBI_3010G179150;SORBI_3010G179000;SORBI_3003G042900;SORBI_3009G066100;SORBI_3008G011700;SORBI_3001G223400
34,TRIGLSYN-PWY,diacylglycerol and triacylglycerol biosynthesis,53,9.99900009999e-5,5.61587676848754e-4,fisher_p,1,SORBI_3002G218500;SORBI_3004G341900;SORBI_3003G317500;SORBI_3009G188900;SORBI_3009G015800;SORBI_3005G197100;SORBI_3008G112100;SORBI_3001G206000;SORBI_3006G221500;SORBI_3002G267500;SORBI_3003G142500;SORBI_3003G229700;SORBI_3003G360700;SORBI_3003G114200;SORBI_3009G157000;SORBI_3009G162000;SORBI_3009G202600;SORBI_3005G214400;SORBI_3008G130800;SORBI_3001G099300;SORBI_3001G250200;SORBI_3001G283700;SORBI_3001G026100;SORBI_3001G493300;SORBI_3006G041266;SORBI_3002G325300;SORBI_3010G134400;SORBI_3010G170000;SORBI_3003G309600;SORBI_3003G258000;SORBI_3009G072700;SORBI_3009G226600;SORBI_3009G040250;SORBI_3009G034600;SORBI_3008G049000;SORBI_3004G261900;SORBI_3006G034200;SORBI_3002G020000;SORBI_3002G260000;SORBI_3010G193300;SORBI_3010G190300;SORBI_3003G265100;SORBI_3003G249000;SORBI_3003G078700;SORBI_3009G165400;SORBI_3009G221500;SORBI_3005G187300;SORBI_3004G293100;SORBI_3004G268300;SORBI_3007G108500;SORBI_3001G049300;SORBI_3001G408400;SORBI_3002G165140
35,PWY-2161B-PMN,folate polyglutamylation II,5,9.99900009999e-5,5.61587676848754e-4,tfisher_p_analytic,1,SORBI_3001G535500;SORBI_3001G201900;SORBI_3009G199001;SORBI_3009G199200;SORBI_3009G199100
36,PWY-5120,geranylgeranyl diphosphate biosynthesis,6,9.99900009999e-5,5.61587676848754e-4,tfisher_p_analytic,1,SORBI_3003G270500;SORBI_3003G111500;SORBI_3009G216800;SORBI_3004G287300;SORBI_3002G353300;SORBI_3009G246400
37,GLUCONEO-PWY,gluconeogenesis I,56,9.99900009999e-5,5.61587676848754e-4,tfisher_p_analytic,0.6,SORBI_3001G071800;SORBI_3002G230600;SORBI_3003G238500;SORBI_3009G240700;SORBI_3008G186200;SORBI_3007G137600;SORBI_3001G073900;SORBI_3001G219300;SORBI_3006G170800;SORBI_3002G385700;SORBI_3002G309400;SORBI_3003G072300;SORBI_3003G352300;SORBI_3002G277100;SORBI_3007G166300;SORBI_3007G166200;SORBI_3005G154850;SORBI_3009G069600;SORBI_3009G108700;SORBI_3003G280900;SORBI_3003G292400;SORBI_3003G036200;SORBI_3003G036000;SORBI_3004G338000;SORBI_3001G432800;SORBI_3006G198400;SORBI_3010G027000;SORBI_3010G026925;SORBI_3001G426100;SORBI_3002G186900;SORBI_3003G336000;SORBI_3008G116600;SORBI_3001G384100;SORBI_3010G221800;SORBI_3009G183700;SORBI_3004G055200;SORBI_3001G236800;SORBI_3010G262466;SORBI_3010G262500;SORBI_3010G262433;SORBI_3010G100200;SORBI_3009G016700;SORBI_3005G159000;SORBI_3004G056400;SORBI_3004G205100;SORBI_3007G025400;SORBI_3010G188300;SORBI_3003G096000;SORBI_3003G393900;SORBI_3005G056400;SORBI_3008G053200;SORBI_3004G146000;SORBI_3010G219700;SORBI_3003G367500;SORBI_3009G152700;SORBI_3001G425400
38,PWY-2161B,glutamate removal from folates,3,9.99900009999e-5,5.61587676848754e-4,tfisher_p_analytic,1,SORBI_3009G199001;SORBI_3009G199200;SORBI_3009G199100
39,PWY-5921,glutaminyl-tRNA<sup>gln</sup> biosynthesis via transamidation,34,9.99900009999e-5,5.61587676848754e-4,fisher_p,1,SORBI_3005G143500;SORBI_3005G139300;SORBI_3006G237100;SORBI_3002G301600;SORBI_3002G301700;SORBI_3003G221200;SORBI_3003G241000;SORBI_3003G017300;SORBI_3009G239500;SORBI_3009G239301;SORBI_3008G127100;SORBI_3003G193700;SORBI_3004G265900;SORBI_3007G104300;SORBI_3010G060800;SORBI_3003G258800;SORBI_3009G225700;SORBI_3005G150250;SORBI_3004G209300;SORBI_3007G174600;SORBI_3010G110000;SORBI_3005G003200;SORBI_3008G139800;SORBI_3001G406800;SORBI_3001G432300;SORBI_3006G278500;SORBI_3001G265500;SORBI_3001G151700;SORBI_3006G028000;SORBI_3006G027900;SORBI_3002G301500;SORBI_3004G028500;SORBI_3002G005600;SORBI_3002G402700
40,GLYOXYLATE-BYPASS,glyoxylate cycle,17,9.99900009999e-5,5.61587676848754e-4,tfisher_p_analytic,1,SORBI_3003G238500;SORBI_3009G240700;SORBI_3008G186200;SORBI_3007G137600;SORBI_3001G073900;SORBI_3001G219300;SORBI_3006G170800;SORBI_3002G385700;SORBI_3002G309400;SORBI_3007G068100;SORBI_3001G512800;SORBI_3006G000100;SORBI_3002G316900;SORBI_3004G101900;SORBI_3004G078000;SORBI_3002G324000;SORBI_3006G127100
41,PWY-5807,heptaprenyl diphosphate biosynthesis,5,9.99900009999e-5,5.61587676848754e-4,tfisher_p_analytic,1,SORBI_3003G361900;SORBI_3009G246400;SORBI_3002G123500;SORBI_3002G130000;SORBI_3002G298400
42,PWY-735,jasmonic acid biosynthesis,32,9.99900009999e-5,5.61587676848754e-4,tfisher_p_analytic,0.8,SORBI_3010G049100;SORBI_3010G001900;SORBI_3003G391600;SORBI_3004G350600;SORBI_3001G189300;SORBI_3001G516600;SORBI_3001G500800;SORBI_3001G282800;SORBI_3002G158900;SORBI_3002G171001;SORBI_3004G078600;SORBI_3007G210400;SORBI_3001G483400;SORBI_3006G095600;SORBI_3004G093200;SORBI_3001G077400;SORBI_3001G449700;SORBI_3010G084600;SORBI_3010G084100;SORBI_3010G084700;SORBI_3010G084400;SORBI_3010G084300;SORBI_3009G003600;SORBI_3008G164450;SORBI_3008G079600;SORBI_3004G180500;SORBI_3007G151100;SORBI_3006G091900;SORBI_3006G091600;SORBI_3006G091800;SORBI_3006G091700;SORBI_3001G329800
43,PWY-6233,jasmonoyl-amino acid conjugates biosynthesis II,5,9.99900009999e-5,5.61587676848754e-4,tfisher_p_analytic,1,SORBI_3003G224100;SORBI_3003G015000;SORBI_3003G015100;SORBI_3009G249900;SORBI_3005G108300
44,PWY-7252,luteolinidin 5-<i>O</i>-glucoside biosynthesis,31,9.99900009999e-5,5.61587676848754e-4,tfisher_p_analytic,1,SORBI_3010G022700;SORBI_3010G022850;SORBI_3010G048600;SORBI_3010G245701;SORBI_3010G048500;SORBI_3003G287800;SORBI_3003G287700;SORBI_3003G288000;SORBI_3003G287600;SORBI_3003G288100;SORBI_3003G293700;SORBI_3009G205600;SORBI_3009G205800;SORBI_3009G206400;SORBI_3009G206300;SORBI_3009G205900;SORBI_3009G206000;SORBI_3009G205700;SORBI_3008G149000;SORBI_3007G100700;SORBI_3007G027301;SORBI_3001G377200;SORBI_3006G124100;SORBI_3002G311501;SORBI_3002G311400;SORBI_3002G079801;SORBI_3002G311300;SORBI_3002G311700;SORBI_3002G312000;SORBI_3002G130200;SORBI_3002G337400
45,PWY-5805,nonaprenyl diphosphate biosynthesis I,4,9.99900009999e-5,5.61587676848754e-4,tfisher_p_analytic,1,SORBI_3010G229400;SORBI_3009G246400;SORBI_3008G088821;SORBI_3007G070000
46,PWY-5147,oleate biosynthesis I (plants),42,9.99900009999e-5,5.61587676848754e-4,tfisher_p_analytic,0.8,SORBI_3006G272600;SORBI_3006G247200;SORBI_3006G247300;SORBI_3006G079500;SORBI_3008G051300;SORBI_3008G010800;SORBI_3005G054900;SORBI_3005G020300;SORBI_3005G033100;SORBI_3005G156100;SORBI_3009G031400;SORBI_3003G242000;SORBI_3003G303900;SORBI_3003G004900;SORBI_3003G258200;SORBI_3010G045500;SORBI_3010G045400;SORBI_3010G214900;SORBI_3010G180400;SORBI_3010G033300;SORBI_3004G088100;SORBI_3002G111500;SORBI_3002G256900;SORBI_3002G256800;SORBI_3006G171900;SORBI_3006G259300;SORBI_3004G293900;SORBI_3004G294000;SORBI_3004G293800;SORBI_3008G029200;SORBI_3003G337500;SORBI_3010G235300;SORBI_3003G377100;SORBI_3003G404000;SORBI_3004G157550;SORBI_3004G153300;SORBI_3007G071600;SORBI_3001G280700;SORBI_3001G265300;SORBI_3001G334501;SORBI_3006G048700;SORBI_3002G258500
47,PWY-7489,"oryzalexin A, B, and C biosynthesis",2,9.99900009999e-5,5.61587676848754e-4,tfisher_p_analytic,1,SORBI_3006G065300;SORBI_3006G041700
48,PWY-6348,phosphate acquisition,33,9.99900009999e-5,5.61587676848754e-4,tfisher_p_analytic,0.8,SORBI_3010G168200;SORBI_3010G029300;SORBI_3010G249300;SORBI_3010G205200;SORBI_3003G314400;SORBI_3003G279300;SORBI_3009G070800;SORBI_3009G071000;SORBI_3009G071300;SORBI_3009G130700;SORBI_3009G071100;SORBI_3009G250300;SORBI_3009G070700;SORBI_3009G070600;SORBI_3005G037850;SORBI_3005G107700;SORBI_3005G147800;SORBI_3005G146300;SORBI_3008G189500;SORBI_3008G037000;SORBI_3008G113000;SORBI_3008G036300;SORBI_3004G097300;SORBI_3007G179266;SORBI_3007G171400;SORBI_3001G442200;SORBI_3001G382900;SORBI_3001G442300;SORBI_3001G186800;SORBI_3001G442100;SORBI_3001G442000;SORBI_3006G068100;SORBI_3002G419500
49,PWY-7411,phosphatidate biosynthesis (yeast),32,9.99900009999e-5,5.61587676848754e-4,tfisher_p_analytic,1,SORBI_3003G326800;SORBI_3003G420800;SORBI_3003G443400;SORBI_3009G183300;SORBI_3007G223801;SORBI_3001G247500;SORBI_3002G081500;SORBI_3008G187200;SORBI_3002G267500;SORBI_3006G221500;SORBI_3001G206000;SORBI_3008G112100;SORBI_3005G197100;SORBI_3009G015800;SORBI_3009G188900;SORBI_3003G317500;SORBI_3002G325300;SORBI_3006G041266;SORBI_3001G493300;SORBI_3001G026100;SORBI_3001G283700;SORBI_3001G250200;SORBI_3001G099300;SORBI_3008G130800;SORBI_3005G214400;SORBI_3009G202600;SORBI_3009G162000;SORBI_3009G157000;SORBI_3003G114200;SORBI_3003G360700;SORBI_3003G229700;SORBI_3003G142500
50,PWY-7039,"phosphatidate metabolism, as a signaling molecule",39,9.99900009999e-5,5.61587676848754e-4,tfisher_p_analytic,1,SORBI_3009G027800;SORBI_3005G018900;SORBI_3005G002000;SORBI_3008G090600;SORBI_3008G002000;SORBI_3001G408001;SORBI_3002G430500;SORBI_3010G209900;SORBI_3010G185600;SORBI_3003G147000;SORBI_3003G050400;SORBI_3009G109925;SORBI_3009G062600;SORBI_3009G110000;SORBI_3005G222500;SORBI_3008G183400;SORBI_3004G016900;SORBI_3001G529800;SORBI_3001G349800;SORBI_3001G320200;SORBI_3002G098900;SORBI_3002G282500;SORBI_3002G204500;SORBI_3010G190300;SORBI_3003G265100;SORBI_3003G078700;SORBI_3009G221500;SORBI_3007G108500;SORBI_3002G165140;SORBI_3003G318700;SORBI_3008G140400;SORBI_3008G077600;SORBI_3004G324100;SORBI_3007G091400;SORBI_3007G062000;SORBI_3001G524300;SORBI_3001G333900;SORBI_3006G230400;SORBI_3002G250700
