pathway_size,missing_frac,method,strategy,lambda,lambda_se,type1_05,type1_05_se,type1_01,type1_01_se
5,0,acat,analytic_fallback,0.983058181,0.135757776,0.042,0.008970619,0.008,0.003983968
5,0,acat,mvn_true_cor,0.877620683,0.108763459,0.036,0.008331146,0.008,0.003983968
5,0,acat,mvn_imputed_cor,0.877620683,0.114201406,0.036,0.008331146,0.008,0.003983968
5,0,fisher,analytic_fallback,0.547148214,0.139163877,0.116,0.014320894,0.042,0.008970619
5,0,fisher,mvn_true_cor,0.89472225,0.120918557,0.04,0.008763561,0.008,0.003983968
5,0,fisher,mvn_imputed_cor,0.89472225,0.121272191,0.04,0.008763561,0.008,0.003983968
5,0,tfisher,analytic_fallback,0.191862634,4.14E-08,0.028,0.007377805,0.026,0.007116741
5,0,tfisher,mvn_true_cor,0.90769387,0.122229577,0.032,0.007870959,0.008,0.003983968
5,0,tfisher,mvn_imputed_cor,0.90769387,0.127768172,0.032,0.007870959,0.008,0.003983968
5,0,minp,analytic_fallback,0.349716376,0.053336451,0.03,0.007628892,0.008,0.003983968
5,0,minp,mvn_true_cor,0.990805865,0.102668435,0.038,0.008550556,0.008,0.003983968
5,0,minp,mvn_imputed_cor,0.990805865,0.104774554,0.038,0.008550556,0.008,0.003983968
5,0,stouffer,analytic_fallback,0.945097766,0.245483152,0.172,0.016876967,0.074,0.01170675
5,0,stouffer,mvn_true_cor,0.8586509,0.11302925,0.038,0.008550556,0.006,0.003453694
5,0,stouffer,mvn_imputed_cor,0.8586509,0.138140125,0.038,0.008550556,0.006,0.003453694
5,0,omnibus,analytic_fallback,0.512171433,0.090067394,0.102,0.013534844,0.044,0.009172132
5,0,omnibus,mvn_true_cor,0.970035512,0.124327701,0.04,0.008763561,0.008,0.003983968
5,0,omnibus,mvn_imputed_cor,0.970035512,0.129338012,0.04,0.008763561,0.008,0.003983968
5,0.1,acat,analytic_fallback,1.043319193,0.104382584,0.072,0.011559931,0.018,0.005945755
5,0.1,acat,mvn_true_cor,0.934050376,0.090479886,0.068,0.011258419,0.014,0.005254332
5,0.1,acat,mvn_imputed_cor,1.000001975,0.088293092,0.068,0.011258419,0.012,0.004869497
5,0.1,fisher,analytic_fallback,0.530517041,0.120063483,0.148,0.015880554,0.08,0.012132601
5,0.1,fisher,mvn_true_cor,0.877613495,0.102954539,0.08,0.012132601,0.012,0.004869497
5,0.1,fisher,mvn_imputed_cor,0.835859566,0.115846188,0.06,0.010620734,0.006,0.003453694
5,0.1,tfisher,analytic_fallback,0.191862707,4.16E-08,0.066,0.011103513,0.066,0.011103513
5,0.1,tfisher,mvn_true_cor,1.081568386,0.109223385,0.066,0.011103513,0.01,0.004449719
5,0.1,tfisher,mvn_imputed_cor,1.011701754,0.104053176,0.066,0.011103513,0.006,0.003453694
5,0.1,minp,analytic_fallback,0.294220249,0.064175556,0.054,0.010107819,0.012,0.004869497
5,0.1,minp,mvn_true_cor,0.901204418,0.11322761,0.06,0.010620734,0.012,0.004869497
5,0.1,minp,mvn_imputed_cor,0.754568516,0.124540992,0.056,0.010282412,0.01,0.004449719
5,0.1,stouffer,analytic_fallback,1.131016842,0.158018747,0.19,0.01754423,0.106,0.013766917
5,0.1,stouffer,mvn_true_cor,0.960955307,0.06894752,0.07,0.011410521,0.016,0.005611417
5,0.1,stouffer,mvn_imputed_cor,1.016410311,0.070630278,0.062,0.010784804,0.012,0.004869497
5,0.1,omnibus,analytic_fallback,0.455372277,0.080754651,0.13,0.015039947,0.082,0.012269963
5,0.1,omnibus,mvn_true_cor,0.862882904,0.113044477,0.078,0.011992998,0.01,0.004449719
5,0.1,omnibus,mvn_imputed_cor,0.85239867,0.123545075,0.06,0.010620734,0.006,0.003453694
5,0.3,acat,analytic_fallback,1.026876813,0.087901643,0.058,0.010453325,0.016,0.005611417
5,0.3,acat,mvn_true_cor,0.929620373,0.068196945,0.048,0.009559916,0.016,0.005611417
5,0.3,acat,mvn_imputed_cor,1.016410311,0.08186993,0.04,0.008763561,0.018,0.005945755
5,0.3,fisher,analytic_fallback,0.524193573,0.080357776,0.146,0.01579139,0.068,0.011258419
5,0.3,fisher,mvn_true_cor,0.877613495,0.059199187,0.058,0.010453325,0.018,0.005945755
5,0.3,fisher,mvn_imputed_cor,0.8968708,0.065611872,0.056,0.010282412,0.03,0.007628892
5,0.3,tfisher,analytic_fallback,0.191862631,3.26E-08,0.046,0.009368458,0.042,0.008970619
5,0.3,tfisher,mvn_true_cor,0.886164231,0.107642563,0.05,0.009746794,0.018,0.005945755
5,0.3,tfisher,mvn_imputed_cor,0.75074615,0.098817445,0.042,0.008970619,0.022,0.006559878
5,0.3,minp,analytic_fallback,0.305349738,0.067239822,0.034,0.008104813,0.006,0.003453694
5,0.3,minp,mvn_true_cor,0.938495399,0.121990677,0.046,0.009368458,0.008,0.003983968
5,0.3,minp,mvn_imputed_cor,0.795497222,0.111758158,0.038,0.008550556,0.016,0.005611417
5,0.3,stouffer,analytic_fallback,1.008752556,0.117738377,0.19,0.01754423,0.108,0.013880634
5,0.3,stouffer,mvn_true_cor,0.899055869,0.068864959,0.06,0.010620734,0.02,0.00626099
5,0.3,stouffer,mvn_imputed_cor,0.99075879,0.079842368,0.064,0.010945684,0.028,0.007377805
5,0.3,omnibus,analytic_fallback,0.462918569,0.060785407,0.128,0.01494095,0.066,0.011103513
5,0.3,omnibus,mvn_true_cor,0.894714966,0.105816533,0.064,0.010945684,0.018,0.005945755
5,0.3,omnibus,mvn_imputed_cor,0.956426732,0.095728139,0.05,0.009746794,0.022,0.006559878
5,0.5,acat,analytic_fallback,1.069438654,0.152303213,0.064,0.010945684,0.01,0.004449719
5,0.5,acat,mvn_true_cor,0.960955307,0.122067754,0.062,0.010784804,0.008,0.003983968
5,0.5,acat,mvn_imputed_cor,1.267973569,0.148321925,0.068,0.011258419,0.02,0.00626099
5,0.5,fisher,analytic_fallback,0.627840498,0.145998122,0.138,0.015424396,0.066,0.011103513
5,0.5,fisher,mvn_true_cor,0.958687186,0.104482197,0.06,0.010620734,0.022,0.006559878
5,0.5,fisher,mvn_imputed_cor,1.062115857,0.145768408,0.082,0.012269963,0.032,0.007870959
5,0.5,tfisher,analytic_fallback,0.191862692,3.96E-08,0.054,0.010107819,0.046,0.009368458
5,0.5,tfisher,mvn_true_cor,1.047410679,0.122966734,0.054,0.010107819,0.016,0.005611417
5,0.5,tfisher,mvn_imputed_cor,0.993026415,0.11430772,0.06,0.010620734,0.026,0.007116741
5,0.5,minp,analytic_fallback,0.337262219,0.062677759,0.054,0.010107819,0.008,0.003983968
5,0.5,minp,mvn_true_cor,0.967759697,0.10527252,0.054,0.010107819,0.008,0.003983968
5,0.5,minp,mvn_imputed_cor,0.764179965,0.099586838,0.054,0.010107819,0.012,0.004869497
5,0.5,stouffer,analytic_fallback,1.103468852,0.215472002,0.198,0.017821111,0.096,0.013174521
5,0.5,stouffer,mvn_true_cor,0.936287933,0.110493732,0.058,0.010453325,0.024,0.00684456
5,0.5,stouffer,mvn_imputed_cor,1.345068905,0.141540265,0.1,0.013416408,0.044,0.009172132
5,0.5,omnibus,analytic_fallback,0.523897582,0.086818508,0.122,0.014636666,0.062,0.010784804
5,0.5,omnibus,mvn_true_cor,0.976893874,0.129043641,0.062,0.010784804,0.016,0.005611417
5,0.5,omnibus,mvn_imputed_cor,1.129245621,0.149346939,0.094,0.013050977,0.026,0.007116741
5,0.7,acat,analytic_fallback,0.830693826,0.128174136,0.058,0.010453325,0.02,0.00626099
5,0.7,acat,mvn_true_cor,0.764179965,0.095056064,0.058,0.010453325,0.018,0.005945755
5,0.7,acat,mvn_imputed_cor,0.709550225,0.109790365,0.052,0.00992935,0.016,0.005611417
5,0.7,fisher,analytic_fallback,0.399522351,0.086631661,0.128,0.01494095,0.064,0.010945684
5,0.7,fisher,mvn_true_cor,0.760324907,0.080486821,0.058,0.010453325,0.014,0.005254332
5,0.7,fisher,mvn_imputed_cor,0.537733424,0.086127322,0.086,0.012538261,0.034,0.008104813
5,0.7,tfisher,analytic_fallback,0.191862619,3.70E-08,0.046,0.009368458,0.042,0.008970619
5,0.7,tfisher,mvn_true_cor,0.839999515,0.11496521,0.054,0.010107819,0.014,0.005254332
5,0.7,tfisher,mvn_imputed_cor,0.636809357,0.069000682,0.04,0.008763561,0.016,0.005611417
5,0.7,minp,analytic_fallback,0.2798414,0.055242966,0.046,0.009368458,0.018,0.005945755
5,0.7,minp,mvn_true_cor,0.860770414,0.103560208,0.05,0.009746794,0.018,0.005945755
5,0.7,minp,mvn_imputed_cor,0.462764212,0.058961036,0.044,0.009172132,0.014,0.005254332
5,0.7,stouffer,analytic_fallback,0.753051434,0.175035795,0.184,0.01732882,0.096,0.013174521
5,0.7,stouffer,mvn_true_cor,0.760324907,0.10719371,0.06,0.010620734,0.018,0.005945755
5,0.7,stouffer,mvn_imputed_cor,0.756482957,0.123637462,0.104,0.013651667,0.036,0.008331146
5,0.7,omnibus,analytic_fallback,0.382775835,0.063953991,0.116,0.014320894,0.062,0.010784804
5,0.7,omnibus,mvn_true_cor,0.768048173,0.079144169,0.062,0.010784804,0.014,0.005254332
5,0.7,omnibus,mvn_imputed_cor,0.609784988,0.083228848,0.05,0.009746794,0.016,0.005611417
25,0,acat,analytic_fallback,0.817671117,0.093580739,0.07,0.011410521,0.012,0.004869497
25,0,acat,mvn_true_cor,0.819550133,0.069826479,0.044,0.009172132,0.008,0.003983968
25,0,acat,mvn_imputed_cor,0.819550133,0.077049832,0.044,0.009172132,0.008,0.003983968
25,0,fisher,analytic_fallback,0.137307431,0.049488572,0.206,0.01808668,0.146,0.01579139
25,0,fisher,mvn_true_cor,0.799472095,0.066758677,0.048,0.009559916,0.004,0.002822765
25,0,fisher,mvn_imputed_cor,0.799472095,0.068940804,0.048,0.009559916,0.004,0.002822765
25,0,tfisher,analytic_fallback,0.06501346,0.00575865,0.1,0.013416408,0.084,0.01240516
25,0,tfisher,mvn_true_cor,0.852391623,0.086748798,0.052,0.00992935,0,0
25,0,tfisher,mvn_imputed_cor,0.852391623,0.080488394,0.052,0.00992935,0,0
25,0,minp,analytic_fallback,0.123671526,0.035355707,0.032,0.007870959,0.01,0.004449719
25,0,minp,mvn_true_cor,0.827677201,0.076728911,0.04,0.008763561,0.01,0.004449719
25,0,minp,mvn_imputed_cor,0.827677201,0.070826652,0.04,0.008763561,0.01,0.004449719
25,0,stouffer,analytic_fallback,0.46193165,0.160599645,0.264,0.019713143,0.194,0.017684117
25,0,stouffer,mvn_true_cor,0.821661007,0.081157041,0.05,0.009746794,0,0
25,0,stouffer,mvn_imputed_cor,0.821661007,0.08756218,0.05,0.009746794,0,0
25,0,omnibus,analytic_fallback,0.106150138,0.02911699,0.216,0.018403478,0.164,0.016559227
25,0,omnibus,mvn_true_cor,0.768054768,0.073993186,0.042,0.008970619,0.004,0.002822765
25,0,omnibus,mvn_imputed_cor,0.768054768,0.072048987,0.042,0.008970619,0.004,0.002822765
25,0.1,acat,analytic_fallback,1.137522088,0.157149718,0.08,0.012132601,0.018,0.005945755
25,0.1,acat,mvn_true_cor,1.064385775,0.10483014,0.052,0.00992935,0.01,0.004449719
25,0.1,acat,mvn_imputed_cor,1.049829794,0.110287278,0.066,0.011103513,0.02,0.00626099
25,0.1,fisher,analytic_fallback,0.382731775,0.11950672,0.218,0.018464886,0.164,0.016559227
25,0.1,fisher,mvn_true_cor,1.040194316,0.100422,0.062,0.010784804,0.002,0.001997999
25,0.1,fisher,mvn_imputed_cor,1.021134872,0.116285306,0.072,0.011559931,0.016,0.005611417
25,0.1,tfisher,analytic_fallback,0.070682064,0.007866489,0.126,0.014840755,0.112,0.014103617
25,0.1,tfisher,mvn_true_cor,0.947499007,0.090743752,0.066,0.011103513,0,0
25,0.1,tfisher,mvn_imputed_cor,0.940725446,0.099317886,0.072,0.011559931,0,0
25,0.1,minp,analytic_fallback,0.149743368,0.035399492,0.042,0.008970619,0.012,0.004869497
25,0.1,minp,mvn_true_cor,0.896885393,0.094773333,0.052,0.00992935,0.01,0.004449719
25,0.1,minp,mvn_imputed_cor,0.967913866,0.096993395,0.06,0.010620734,0.016,0.005611417
25,0.1,stouffer,analytic_fallback,1.356408682,0.38928333,0.27,0.019854471,0.21,0.018215378
25,0.1,stouffer,mvn_true_cor,1.084037398,0.096573981,0.062,0.010784804,0,0
25,0.1,stouffer,mvn_imputed_cor,1.084037398,0.098742801,0.076,0.011851076,0.018,0.005945755
25,0.1,omnibus,analytic_fallback,0.24858699,0.073375955,0.23,0.018820202,0.19,0.01754423
25,0.1,omnibus,mvn_true_cor,1.054668056,0.097958549,0.054,0.010107819,0.002,0.001997999
25,0.1,omnibus,mvn_imputed_cor,1.084037398,0.109777506,0.068,0.011258419,0.018,0.005945755
25,0.3,acat,analytic_fallback,0.815237582,0.129002308,0.076,0.011851076,0.018,0.005945755
25,0.3,acat,mvn_true_cor,0.825780017,0.094207924,0.056,0.010282412,0.006,0.003453694
25,0.3,acat,mvn_imputed_cor,0.837929518,0.082705354,0.062,0.010784804,0.008,0.003983968
25,0.3,fisher,analytic_fallback,0.213337725,0.124248033,0.216,0.018403478,0.146,0.01579139
25,0.3,fisher,mvn_true_cor,0.899026634,0.125013441,0.046,0.009368458,0.006,0.003453694
25,0.3,fisher,mvn_imputed_cor,0.768048173,0.132379293,0.064,0.010945684,0.018,0.005945755
25,0.3,tfisher,analytic_fallback,0.063496076,0.006930176,0.108,0.013880634,0.088,0.012669333
25,0.3,tfisher,mvn_true_cor,0.831761449,0.097203718,0.052,0.00992935,0,0
25,0.3,tfisher,mvn_imputed_cor,0.669951095,0.095063096,0.058,0.010453325,0,0
25,0.3,minp,analytic_fallback,0.115725045,0.033193335,0.05,0.009746794,0.008,0.003983968
25,0.3,minp,mvn_true_cor,0.811478012,0.066099544,0.066,0.011103513,0.006,0.003453694
25,0.3,minp,mvn_imputed_cor,0.673422808,0.087139977,0.066,0.011103513,0.002,0.001997999
25,0.3,stouffer,analytic_fallback,0.707296454,0.263354177,0.296,0.020414897,0.208,0.018151364
25,0.3,stouffer,mvn_true_cor,0.896914579,0.096868501,0.048,0.009559916,0,0
25,0.3,stouffer,mvn_imputed_cor,0.875536896,0.10466002,0.07,0.011410521,0.02,0.00626099
25,0.3,omnibus,analytic_fallback,0.138616625,0.054938075,0.23,0.018820202,0.172,0.016876967
25,0.3,omnibus,mvn_true_cor,0.850314601,0.103113395,0.042,0.008970619,0.004,0.002822765
25,0.3,omnibus,mvn_imputed_cor,0.760324907,0.104551149,0.064,0.010945684,0.016,0.005611417
25,0.5,acat,analytic_fallback,1.061014694,0.142594046,0.076,0.011851076,0.018,0.005945755
25,0.5,acat,mvn_true_cor,1.007040921,0.095769448,0.05,0.009746794,0.01,0.004449719
25,0.5,acat,mvn_imputed_cor,0.931850369,0.093589637,0.05,0.009746794,0.01,0.004449719
25,0.5,fisher,analytic_fallback,0.300503138,0.128271757,0.23,0.018820202,0.148,0.015880554
25,0.5,fisher,mvn_true_cor,0.976893874,0.103722601,0.05,0.009746794,0.002,0.001997999
25,0.5,fisher,mvn_imputed_cor,0.773876884,0.112667768,0.09,0.012798437,0.04,0.008763561
25,0.5,tfisher,analytic_fallback,0.070576143,0.014890048,0.112,0.014103617,0.092,0.012925633
25,0.5,tfisher,mvn_true_cor,0.942985742,0.130777083,0.052,0.00992935,0,0
25,0.5,tfisher,mvn_imputed_cor,0.58189376,0.084656315,0.076,0.011851076,0.03,0.007628892
25,0.5,minp,analytic_fallback,0.179911995,0.055286294,0.046,0.009368458,0.014,0.005254332
25,0.5,minp,mvn_true_cor,0.970066399,0.136158415,0.062,0.010784804,0.012,0.004869497
25,0.5,minp,mvn_imputed_cor,0.633384894,0.074489953,0.044,0.009172132,0.008,0.003983968
25,0.5,stouffer,analytic_fallback,0.988528765,0.276736667,0.288,0.020251222,0.212,0.018278731
25,0.5,stouffer,mvn_true_cor,0.988397018,0.083772215,0.05,0.009746794,0,0
25,0.5,stouffer,mvn_imputed_cor,0.960947639,0.109319518,0.11,0.013992855,0.042,0.008970619
25,0.5,omnibus,analytic_fallback,0.189005944,0.099416958,0.23,0.018820202,0.174,0.016954291
25,0.5,omnibus,mvn_true_cor,0.938502935,0.145262138,0.05,0.009746794,0.002,0.001997999
25,0.5,omnibus,mvn_imputed_cor,0.856588042,0.145602944,0.086,0.012538261,0.032,0.007870959
25,0.7,acat,analytic_fallback,1.045510801,0.181920646,0.046,0.009368458,0.01,0.004449719
25,0.7,acat,mvn_true_cor,0.988428345,0.111971021,0.032,0.007870959,0.006,0.003453694
25,0.7,acat,mvn_imputed_cor,1.273590637,0.166576581,0.052,0.00992935,0.01,0.004449719
25,0.7,fisher,analytic_fallback,0.317420798,0.138207393,0.19,0.01754423,0.138,0.015424396
25,0.7,fisher,mvn_true_cor,1.004686642,0.103484266,0.036,0.008331146,0.006,0.003453694
25,0.7,fisher,mvn_imputed_cor,0.835859566,0.132501366,0.118,0.014427474,0.06,0.010620734
25,0.7,tfisher,analytic_fallback,0.068207684,0.008696506,0.092,0.012925633,0.076,0.011851076
25,0.7,tfisher,mvn_true_cor,0.905538086,0.099471032,0.038,0.008550556,0,0
25,0.7,tfisher,mvn_imputed_cor,0.442008992,0.079745697,0.052,0.00992935,0.026,0.007116741
25,0.7,minp,analytic_fallback,0.145578409,0.035611499,0.03,0.007628892,0.008,0.003983968
25,0.7,minp,mvn_true_cor,0.890417867,0.096432341,0.036,0.008331146,0.006,0.003453694
25,0.7,minp,mvn_imputed_cor,0.488437542,0.070752015,0.034,0.008104813,0.008,0.003983968
25,0.7,stouffer,analytic_fallback,1.113513312,0.296929235,0.266,0.019760769,0.204,0.018021321
25,0.7,stouffer,mvn_true_cor,1.000001975,0.084506636,0.038,0.008550556,0,0
25,0.7,stouffer,mvn_imputed_cor,1.359789368,0.169524905,0.152,0.016055902,0.076,0.011851076
25,0.7,omnibus,analytic_fallback,0.245436594,0.091510008,0.216,0.018403478,0.142,0.015609997
25,0.7,omnibus,mvn_true_cor,1.045073381,0.136257873,0.036,0.008331146,0.006,0.003453694
25,0.7,omnibus,mvn_imputed_cor,1.069273624,0.179679806,0.116,0.014320894,0.036,0.008331146
50,0,acat,analytic_fallback,1.044681254,0.168216496,0.074,0.01170675,0.012,0.004869497
50,0,acat,mvn_true_cor,1.000001975,0.132372994,0.06,0.010620734,0.006,0.003453694
50,0,acat,mvn_imputed_cor,1.000001975,0.139327782,0.06,0.010620734,0.006,0.003453694
50,0,fisher,analytic_fallback,0.520910899,0.182817989,0.22,0.018525658,0.158,0.016311714
50,0,fisher,mvn_true_cor,1.054659817,0.094350355,0.056,0.010282412,0.008,0.003983968
50,0,fisher,mvn_imputed_cor,1.054659817,0.106395615,0.056,0.010282412,0.008,0.003983968
50,0,tfisher,analytic_fallback,0.079341341,0.011172757,0.134,0.015234435,0.112,0.014103617
50,0,tfisher,mvn_true_cor,0.997703081,0.113690453,0.052,0.00992935,0,0
50,0,tfisher,mvn_imputed_cor,0.997703081,0.123098849,0.052,0.00992935,0,0
50,0,minp,analytic_fallback,0.208313053,0.060467965,0.046,0.009368458,0.004,0.002822765
50,0,minp,mvn_true_cor,1.040194316,0.123293238,0.066,0.011103513,0.004,0.002822765
50,0,minp,mvn_imputed_cor,1.040194316,0.132958416,0.066,0.011103513,0.004,0.002822765
50,0,stouffer,analytic_fallback,0.779752249,0.331769005,0.298,0.020454633,0.2,0.017888544
50,0,stouffer,mvn_true_cor,0.956426732,0.102178852,0.066,0.011103513,0.006,0.003453694
50,0,stouffer,mvn_imputed_cor,0.956426732,0.095644523,0.066,0.011103513,0.006,0.003453694
50,0,omnibus,analytic_fallback,0.204591253,0.099341404,0.242,0.019153903,0.182,0.017255492
50,0,omnibus,mvn_true_cor,1.035405157,0.150272776,0.062,0.010784804,0.008,0.003983968
50,0,omnibus,mvn_imputed_cor,1.035405157,0.143717583,0.062,0.010784804,0.008,0.003983968
50,0.1,acat,analytic_fallback,0.991385585,0.162766415,0.068,0.011258419,0.008,0.003983968
50,0.1,acat,mvn_true_cor,0.960947639,0.122388809,0.048,0.009559916,0.006,0.003453694
50,0.1,acat,mvn_imputed_cor,0.981499803,0.10058416,0.044,0.009172132,0.006,0.003453694
50,0.1,fisher,analytic_fallback,0.568930241,0.235855541,0.248,0.019313001,0.174,0.016954291
50,0.1,fisher,mvn_true_cor,1.086531719,0.122994776,0.058,0.010453325,0.006,0.003453694
50,0.1,fisher,mvn_imputed_cor,1.037816004,0.132493847,0.068,0.011258419,0.006,0.003453694
50,0.1,tfisher,analytic_fallback,0.08696187,0.014769722,0.136,0.015329971,0.108,0.013880634
50,0.1,tfisher,mvn_true_cor,1.084045824,0.135930726,0.06,0.010620734,0,0
50,0.1,tfisher,mvn_imputed_cor,0.965483881,0.131835165,0.054,0.010107819,0,0
50,0.1,minp,analytic_fallback,0.183525222,0.038996503,0.042,0.008970619,0.006,0.003453694
50,0.1,minp,mvn_true_cor,0.988397018,0.088490955,0.05,0.009746794,0.006,0.003453694
50,0.1,minp,mvn_imputed_cor,0.916419972,0.089400149,0.05,0.009746794,0.004,0.002822765
50,0.1,stouffer,analytic_fallback,1.227391626,0.335860699,0.308,0.020646356,0.222,0.018585801
50,0.1,stouffer,mvn_true_cor,1.084037398,0.090270249,0.054,0.010107819,0.006,0.003453694
50,0.1,stouffer,mvn_imputed_cor,1.054659817,0.095973093,0.068,0.011258419,0.012,0.004869497
50,0.1,omnibus,analytic_fallback,0.263649702,0.092310138,0.254,0.0194671,0.196,0.017752972
50,0.1,omnibus,mvn_true_cor,1.049821586,0.123209263,0.068,0.011258419,0.006,0.003453694
50,0.1,omnibus,mvn_imputed_cor,1.054659817,0.11233792,0.074,0.01170675,0.006,0.003453694
50,0.3,acat,analytic_fallback,0.795820007,0.152622135,0.076,0.011851076,0.012,0.004869497
50,0.3,acat,mvn_true_cor,0.854475691,0.09523265,0.058,0.010453325,0.008,0.003983968
50,0.3,acat,mvn_imputed_cor,0.844104589,0.087158715,0.064,0.010945684,0.012,0.004869497
50,0.3,fisher,analytic_fallback,0.236086116,0.103922377,0.218,0.018464886,0.15,0.015968719
50,0.3,fisher,mvn_true_cor,0.854475691,0.084887015,0.048,0.009559916,0.016,0.005611417
50,0.3,fisher,mvn_imputed_cor,0.700400202,0.102609856,0.066,0.011103513,0.03,0.007628892
50,0.3,tfisher,analytic_fallback,0.066712599,0.009693606,0.128,0.01494095,0.108,0.013880634
50,0.3,tfisher,mvn_true_cor,0.871261695,0.09968251,0.05,0.009746794,0,0
50,0.3,tfisher,mvn_imputed_cor,0.557963303,0.069849441,0.064,0.010945684,0.024,0.00684456
50,0.3,minp,analytic_fallback,0.135952372,0.03844223,0.052,0.00992935,0.006,0.003453694
50,0.3,minp,mvn_true_cor,0.88186718,0.104564947,0.068,0.011258419,0.006,0.003453694
50,0.3,minp,mvn_imputed_cor,0.533129315,0.080745405,0.056,0.010282412,0.006,0.003453694
50,0.3,stouffer,analytic_fallback,0.839094688,0.359974309,0.276,0.019991198,0.204,0.018021321
50,0.3,stouffer,mvn_true_cor,0.96321576,0.11882555,0.05,0.009746794,0.016,0.005611417
50,0.3,stouffer,mvn_imputed_cor,0.896914579,0.122702434,0.072,0.011559931,0.028,0.007377805
50,0.3,omnibus,analytic_fallback,0.145906603,0.039182707,0.246,0.01926053,0.176,0.017030796
50,0.3,omnibus,mvn_true_cor,0.869156345,0.083341329,0.052,0.00992935,0.016,0.005611417
50,0.3,omnibus,mvn_imputed_cor,0.785633961,0.078542488,0.07,0.011410521,0.026,0.007116741
50,0.5,acat,analytic_fallback,1.004731702,0.194463034,0.07,0.011410521,0.016,0.005611417
50,0.5,acat,mvn_true_cor,0.970035512,0.141879571,0.048,0.009559916,0.012,0.004869497
50,0.5,acat,mvn_imputed_cor,1.054659817,0.128542959,0.062,0.010784804,0.016,0.005611417
50,0.5,fisher,analytic_fallback,0.556012354,0.191509524,0.242,0.019153903,0.162,0.016477621
50,0.5,fisher,mvn_true_cor,1.054659817,0.100964715,0.036,0.008331146,0.01,0.004449719
50,0.5,fisher,mvn_imputed_cor,0.894714966,0.112274171,0.11,0.013992855,0.032,0.007870959
50,0.5,tfisher,analytic_fallback,0.073037244,0.014224657,0.146,0.01579139,0.11,0.013992855
50,0.5,tfisher,mvn_true_cor,0.93876671,0.140343554,0.056,0.010282412,0,0
50,0.5,tfisher,mvn_imputed_cor,0.539271774,0.102017968,0.076,0.011851076,0.046,0.009368458
50,0.5,minp,analytic_fallback,0.16434002,0.045196963,0.038,0.008550556,0.008,0.003983968
50,0.5,minp,mvn_true_cor,0.947430713,0.09621233,0.054,0.010107819,0.008,0.003983968
50,0.5,minp,mvn_imputed_cor,0.517963682,0.083432305,0.048,0.009559916,0.01,0.004449719
50,0.5,stouffer,analytic_fallback,1.125151495,0.381049111,0.298,0.020454633,0.214,0.018341429
50,0.5,stouffer,mvn_true_cor,1.074211587,0.088727111,0.042,0.008970619,0.008,0.003983968
50,0.5,stouffer,mvn_imputed_cor,1.124153616,0.114036106,0.11,0.013992855,0.032,0.007870959
50,0.5,omnibus,analytic_fallback,0.255319691,0.124756838,0.262,0.019664994,0.192,0.017614539
50,0.5,omnibus,mvn_true_cor,1.030705042,0.166934199,0.052,0.00992935,0.008,0.003983968
50,0.5,omnibus,mvn_imputed_cor,0.839999515,0.152673868,0.12,0.014532722,0.044,0.009172132
50,0.7,acat,analytic_fallback,0.962910982,0.136560041,0.068,0.011258419,0.01,0.004449719
50,0.7,acat,mvn_true_cor,0.947430713,0.120162437,0.04,0.008763561,0.01,0.004449719
50,0.7,acat,mvn_imputed_cor,0.929620373,0.101401337,0.068,0.011258419,0.01,0.004449719
50,0.7,fisher,analytic_fallback,0.563006098,0.174230781,0.258,0.019567115,0.196,0.017752972
50,0.7,fisher,mvn_true_cor,1.074178136,0.123043365,0.04,0.008763561,0.006,0.003453694
50,0.7,fisher,mvn_imputed_cor,0.894714966,0.132747908,0.13,0.015039947,0.058,0.010453325
50,0.7,tfisher,analytic_fallback,0.082096509,0.011890251,0.128,0.01494095,0.102,0.013534844
50,0.7,tfisher,mvn_true_cor,1.037799737,0.117846871,0.034,0.008104813,0,0
50,0.7,tfisher,mvn_imputed_cor,0.373169437,0.069880826,0.076,0.011851076,0.026,0.007116741
50,0.7,minp,analytic_fallback,0.220267122,0.045836046,0.038,0.008550556,0.01,0.004449719
50,0.7,minp,mvn_true_cor,1.057087171,0.088191901,0.054,0.010107819,0.01,0.004449719
50,0.7,minp,mvn_imputed_cor,0.454392669,0.067473745,0.048,0.009559916,0.01,0.004449719
50,0.7,stouffer,analytic_fallback,0.962061409,0.325778675,0.284,0.020166507,0.242,0.019153903
50,0.7,stouffer,mvn_true_cor,1.011701754,0.092014323,0.042,0.008970619,0.006,0.003453694
50,0.7,stouffer,mvn_imputed_cor,1.009355449,0.175671004,0.164,0.016559227,0.066,0.011103513
50,0.7,omnibus,analytic_fallback,0.258618591,0.119806114,0.284,0.020166507,0.22,0.018525658
50,0.7,omnibus,mvn_true_cor,1.045007951,0.164337141,0.052,0.00992935,0.006,0.003453694
50,0.7,omnibus,mvn_imputed_cor,0.72438989,0.157006762,0.146,0.01579139,0.052,0.00992935