archetype,group,rank,p,mlog10p
Archetype I - SDA,in_set,0.004545454545454545,1.1036826032301415e-8,7.957155802951338
Archetype I - SDA,in_set,0.00909090909090909,1.8944146227745316e-8,7.7225249626737185
Archetype I - SDA,in_set,0.013636363636363636,1.7063427374192384e-5,4.767933731656214
Archetype I - SDA,in_set,0.01818181818181818,2.414695452742814e-5,4.617137635733836
Archetype I - SDA,in_set,0.022727272727272728,7.708912572166032e-5,4.113006879694209
Archetype I - SDA,in_set,0.02727272727272727,0.0016277123903907856,2.7884223305898495
Archetype I - SDA,in_set,0.031818181818181815,0.004773509022891713,2.321162252194422
Archetype I - SDA,in_set,0.03636363636363636,0.006582576917018914,2.1816040574871107
Archetype I - SDA,in_set,0.04090909090909091,0.01057597602341807,1.9756795424375793
Archetype I - SDA,in_set,0.045454545454545456,0.013710670433662073,1.8629413082651192
Archetype I - SDA,in_set,0.05,0.013809583190017394,1.8598194293871346
Archetype I - SDA,in_set,0.05454545454545454,0.01857174114411949,1.731147378229209
Archetype I - SDA,in_set,0.05909090909090909,0.0238737095599038,1.6220800939288929
Archetype I - SDA,in_set,0.06363636363636363,0.026040952979792687,1.5843431266210388
Archetype I - SDA,in_set,0.06818181818181818,0.02888431767718779,1.5393378871681709
Archetype I - SDA,in_set,0.07272727272727272,0.031183900462512605,1.5060695644710187
Archetype I - SDA,in_set,0.07727272727272727,0.035099326290254196,1.4547012194667404
Archetype I - SDA,in_set,0.08181818181818182,0.03758403667402068,1.4249965767872803
Archetype I - SDA,in_set,0.08636363636363636,0.041739494647940814,1.3794528133668589
Archetype I - SDA,in_set,0.09090909090909091,0.04670777284759249,1.3306108405491017
Archetype I - SDA,in_set,0.09545454545454546,0.047380272044897524,1.3244024500028984
Archetype I - SDA,in_set,0.1,0.04976420569592275,1.303082923466993
Archetype I - SDA,in_set,0.10454545454545454,0.05074152906358577,1.2946364497301315
Archetype I - SDA,in_set,0.10909090909090909,0.05560942647767321,1.2548515839532415
Archetype I - SDA,in_set,0.11363636363636363,0.058573789617882406,1.232296676998278
Archetype I - SDA,in_set,0.11818181818181818,0.06208365371631615,1.2070227321148619
Archetype I - SDA,in_set,0.12272727272727273,0.07092738193443493,1.149186070497057
Archetype I - SDA,in_set,0.12727272727272726,0.07488653984927057,1.1255962356317473
Archetype I - SDA,in_set,0.1318181818181818,0.07489590599910989,1.1255419212937199
Archetype I - SDA,in_set,0.13636363636363635,0.07935959949542573,1.1004005326049549
Archetype I - SDA,in_set,0.1409090909090909,0.07989401079506052,1.0974857760821024
Archetype I - SDA,in_set,0.14545454545454545,0.08090203670924721,1.0920405448839803
Archetype I - SDA,in_set,0.15,0.09654178576922944,1.0152846721368687
Archetype I - SDA,in_set,0.15454545454545454,0.10146914682819136,0.993665991240373
Archetype I - SDA,in_set,0.1590909090909091,0.10318698699331949,0.9863750685357051
Archetype I - SDA,in_set,0.16363636363636364,0.10567153785649298,0.976041972166572
Archetype I - SDA,in_set,0.16818181818181818,0.1076291688559956,0.9680700134607924
Archetype I - SDA,in_set,0.17272727272727273,0.11137082133096746,0.9532285775180097
Archetype I - SDA,in_set,0.17727272727272728,0.11403291842648755,0.9429697607048552
Archetype I - SDA,in_set,0.18181818181818182,0.11641132681295971,0.9340047608112106
Archetype I - SDA,in_set,0.18636363636363637,0.12949633720900228,0.887742515385164
Archetype I - SDA,in_set,0.19090909090909092,0.13241654887968973,0.8780577351530725
Archetype I - SDA,in_set,0.19545454545454546,0.13334100801107038,0.8750362660846798
Archetype I - SDA,in_set,0.2,0.13641843119552055,0.8651269491388847
Archetype I - SDA,in_set,0.20454545454545456,0.14228151986115642,0.8468515042974181
Archetype I - SDA,in_set,0.20909090909090908,0.1482992567562671,0.8288610255559793
Archetype I - SDA,in_set,0.21363636363636362,0.15084706685324817,0.8214631300487113
Archetype I - SDA,in_set,0.21818181818181817,0.15277284102242247,0.8159538449910435
Archetype I - SDA,in_set,0.22272727272727272,0.1534096890810992,0.8141472102594555
Archetype I - SDA,in_set,0.22727272727272727,0.15546333086571024,0.8083720315932161
Archetype I - SDA,in_set,0.2318181818181818,0.1570298452967364,0.8040177971713298
Archetype I - SDA,in_set,0.23636363636363636,0.1659773743175023,0.7799511100248339
Archetype I - SDA,in_set,0.2409090909090909,0.1681857825247238,0.7742107197868187
Archetype I - SDA,in_set,0.24545454545454545,0.16945835644432591,0.7709370100772617
Archetype I - SDA,in_set,0.25,0.16949545025188112,0.7708419550244489
Archetype I - SDA,in_set,0.2545454545454545,0.17376921219930117,0.7600271677975579
Archetype I - SDA,in_set,0.2590909090909091,0.17796956470306757,0.7496542618016127
Archetype I - SDA,in_set,0.2636363636363636,0.1838055443384388,0.7356413926274177
Archetype I - SDA,in_set,0.2681818181818182,0.18753353903658765,0.7269210505178927
Archetype I - SDA,in_set,0.2727272727272727,0.1922164154107727,0.7162095260436848
Archetype I - SDA,in_set,0.2772727272727273,0.19724415617021474,0.7049958549404679
Archetype I - SDA,in_set,0.2818181818181818,0.20208812889932404,0.6944591971474322
Archetype I - SDA,in_set,0.2863636363636364,0.2027689116088237,0.692998629968425
Archetype I - SDA,in_set,0.2909090909090909,0.20446416237861945,0.6893828023027708
Archetype I - SDA,in_set,0.29545454545454547,0.20529920362062598,0.687612735304705
Archetype I - SDA,in_set,0.3,0.2059264047626965,0.6862879627190187
Archetype I - SDA,in_set,0.30454545454545456,0.21061642161930225,0.6765077701846818
Archetype I - SDA,in_set,0.3090909090909091,0.21586624163434723,0.6658152697466
Archetype I - SDA,in_set,0.31363636363636366,0.219293601018004,0.658974040840108
Archetype I - SDA,in_set,0.3181818181818182,0.2274936085962893,0.6430308002831545
Archetype I - SDA,in_set,0.32272727272727275,0.2275056201161508,0.6430078704122134
Archetype I - SDA,in_set,0.32727272727272727,0.2322213014562756,0.6340979453183487
Archetype I - SDA,in_set,0.33181818181818185,0.23329901238466613,0.6320870996837339
Archetype I - SDA,in_set,0.33636363636363636,0.23675455034086662,0.6257016652542002
Archetype I - SDA,in_set,0.3409090909090909,0.2374241725440041,0.6244750668976576
Archetype I - SDA,in_set,0.34545454545454546,0.23762730594493636,0.6241036556949283
Archetype I - SDA,in_set,0.35,0.2403538802946376,0.6191488621896041
Archetype I - SDA,in_set,0.35454545454545455,0.24374520158752602,0.6130639251456163
Archetype I - SDA,in_set,0.35909090909090907,0.2464048613957045,0.6083507280964853
Archetype I - SDA,in_set,0.36363636363636365,0.2561754550593491,0.5914624836582237
Archetype I - SDA,in_set,0.36818181818181817,0.25798215164378097,0.5884103394272756
Archetype I - SDA,in_set,0.37272727272727274,0.26069741878993197,0.5838632688348886
Archetype I - SDA,in_set,0.37727272727272726,0.2631474308751497,0.5798008656702355
Archetype I - SDA,in_set,0.38181818181818183,0.26676002688794886,0.5738792474788785
Archetype I - SDA,in_set,0.38636363636363635,0.2687407999889102,0.5706663943598349
Archetype I - SDA,in_set,0.39090909090909093,0.27011855020690423,0.5684455899115438
Archetype I - SDA,in_set,0.39545454545454545,0.2738779439649829,0.5624429410939483
Archetype I - SDA,in_set,0.4,0.27525526900267716,0.5602643589070332
Archetype I - SDA,in_set,0.40454545454545454,0.27611998264323023,0.5589021625832739
Archetype I - SDA,in_set,0.4090909090909091,0.2881218772215728,0.5404237642954781
Archetype I - SDA,in_set,0.41363636363636364,0.30208254459751027,0.519874369079579
Archetype I - SDA,in_set,0.41818181818181815,0.3051624677886474,0.5154688817087066
Archetype I - SDA,in_set,0.42272727272727273,0.30836020411414405,0.5109416755265022
Archetype I - SDA,in_set,0.42727272727272725,0.3141700771161113,0.5028351813654329
Archetype I - SDA,in_set,0.4318181818181818,0.3284632003526443,0.48351327992161575
Archetype I - SDA,in_set,0.43636363636363634,0.33303613139516364,0.47750864693118567
Archetype I - SDA,in_set,0.4409090909090909,0.3374558820216035,0.471782997490702
Archetype I - SDA,in_set,0.44545454545454544,0.34115048692767924,0.4670540045105494
Archetype I - SDA,in_set,0.45,0.3431403985509865,0.46452814864468644
Archetype I - SDA,in_set,0.45454545454545453,0.34354001791060484,0.4640226660412043
Archetype I - SDA,in_set,0.4590909090909091,0.3507034073456934,0.45506001460254675
Archetype I - SDA,in_set,0.4636363636363636,0.3573339478950202,0.44692572243981454
Archetype I - SDA,in_set,0.4681818181818182,0.35807830525536966,0.4460219906141628
Archetype I - SDA,in_set,0.4727272727272727,0.3591913951057992,0.44467407596584524
Archetype I - SDA,in_set,0.4772727272727273,0.3607406517435782,0.44280491442374925
Archetype I - SDA,in_set,0.4818181818181818,0.36186392680671875,0.44145470832487543
Archetype I - SDA,in_set,0.4863636363636364,0.36999937502662905,0.43179900950791195
Archetype I - SDA,in_set,0.4909090909090909,0.37039188734687933,0.4313385341906125
Archetype I - SDA,in_set,0.4954545454545455,0.37088596029738885,0.43075960636073063
Archetype I - SDA,in_set,0.5,0.3769231607632141,0.423747175676902
Archetype I - SDA,in_set,0.5045454545454545,0.37695267927309484,0.4237131654983528
Archetype I - SDA,in_set,0.509090909090909,0.3778354913565364,0.42269724975895484
Archetype I - SDA,in_set,0.5136363636363637,0.3796884401510927,0.4205726250224771
Archetype I - SDA,in_set,0.5181818181818182,0.38072383358499495,0.4193899351886353
Archetype I - SDA,in_set,0.5227272727272727,0.3934452860950402,0.40511565364580965
Archetype I - SDA,in_set,0.5272727272727272,0.4052424587066177,0.3922850583365141
Archetype I - SDA,in_set,0.5318181818181819,0.40764664405574785,0.38971612864737015
Archetype I - SDA,in_set,0.5363636363636364,0.40813569508149417,0.38919542066656515
Archetype I - SDA,in_set,0.5409090909090909,0.40813576787831546,0.3891953432039581
Archetype I - SDA,in_set,0.5454545454545454,0.4116736063418368,0.3854469760618813
Archetype I - SDA,in_set,0.55,0.41342507390909644,0.38360318728750414
Archetype I - SDA,in_set,0.5545454545454546,0.4146078245263632,0.382362506109602
Archetype I - SDA,in_set,0.5590909090909091,0.4165092539539894,0.3803753450458926
Archetype I - SDA,in_set,0.5636363636363636,0.4192897617211564,0.3774857421332605
Archetype I - SDA,in_set,0.5681818181818182,0.42251879699917333,0.37415396540913526
Archetype I - SDA,in_set,0.5727272727272728,0.4228291254815224,0.3738351050915507
Archetype I - SDA,in_set,0.5772727272727273,0.4232501544373625,0.37340287475173334
Archetype I - SDA,in_set,0.5818181818181818,0.42856326819857826,0.36798505471808785
Archetype I - SDA,in_set,0.5863636363636363,0.43070390362929906,0.36582119204752
Archetype I - SDA,in_set,0.5909090909090909,0.43243943003766333,0.364074713731086
Archetype I - SDA,in_set,0.5954545454545455,0.4415555735153897,0.3550146290010317
Archetype I - SDA,in_set,0.6,0.4446062421358639,0.35202444423232593
Archetype I - SDA,in_set,0.6045454545454545,0.44464492162807723,0.3519866634776277
Archetype I - SDA,in_set,0.6090909090909091,0.4536782189050748,0.3432520707150399
Archetype I - SDA,in_set,0.6136363636363636,0.4541369961880434,0.34281311693663846
Archetype I - SDA,in_set,0.6181818181818182,0.4581770680639523,0.33896665120622826
Archetype I - SDA,in_set,0.6227272727272727,0.4584309725152828,0.3387260482438231
Archetype I - SDA,in_set,0.6272727272727273,0.45950771441621396,0.33770719309121205
Archetype I - SDA,in_set,0.6318181818181818,0.4596853157811669,0.33753936916043054
Archetype I - SDA,in_set,0.6363636363636364,0.4597145543473806,0.33751174647223525
Archetype I - SDA,in_set,0.6409090909090909,0.46100115094483857,0.33629799034057223
Archetype I - SDA,in_set,0.6454545454545455,0.4671258722318166,0.3305660782135156
Archetype I - SDA,in_set,0.65,0.47323187303986286,0.32492601252430225
Archetype I - SDA,in_set,0.6545454545454545,0.4778687223695184,0.3206913941430648
Archetype I - SDA,in_set,0.6590909090909091,0.4821755362450846,0.31679482785173096
Archetype I - SDA,in_set,0.6636363636363637,0.4829909756491274,0.31606098366339574
Archetype I - SDA,in_set,0.6681818181818182,0.4842207602723397,0.31495659474054455
Archetype I - SDA,in_set,0.6727272727272727,0.4870917422132964,0.31238923306751926
Archetype I - SDA,in_set,0.6772727272727272,0.49486992009539155,0.3055089433066515
Archetype I - SDA,in_set,0.6818181818181818,0.4969972966105911,0.3036459735811464
Archetype I - SDA,in_set,0.6863636363636364,0.5010475956267443,0.30012101757335824
Archetype I - SDA,in_set,0.6909090909090909,0.5080537716170949,0.2940903202343166
Archetype I - SDA,in_set,0.6954545454545454,0.5100226615942927,0.292410526673238
Archetype I - SDA,in_set,0.7,0.5165207805889901,0.2869122013203867
Archetype I - SDA,in_set,0.7045454545454546,0.5198300144912626,0.28413864836019415
Archetype I - SDA,in_set,0.7090909090909091,0.5255681302964229,0.27937097764926355
Archetype I - SDA,in_set,0.7136363636363636,0.5276496812941268,0.2776543198427053
Archetype I - SDA,in_set,0.7181818181818181,0.541549556310299,0.26636179564557977
Archetype I - SDA,in_set,0.7227272727272728,0.5490148078606255,0.2604159417330947
Archetype I - SDA,in_set,0.7272727272727273,0.5493165155943504,0.2601773434077955
Archetype I - SDA,in_set,0.7318181818181818,0.5511262164396219,0.2587489295946392
Archetype I - SDA,in_set,0.7363636363636363,0.552664976197701,0.25753805690552783
Archetype I - SDA,in_set,0.740909090909091,0.5549479444045141,0.2557477529460777
Archetype I - SDA,in_set,0.7454545454545455,0.555587966935983,0.2552471688917554
Archetype I - SDA,in_set,0.75,0.5655629180522836,0.24751907342122914
Archetype I - SDA,in_set,0.7545454545454545,0.568076285555006,0.24559334004428193
Archetype I - SDA,in_set,0.759090909090909,0.570349691912178,0.24385878871104705
Archetype I - SDA,in_set,0.7636363636363637,0.5723309398575589,0.24235277576520184
Archetype I - SDA,in_set,0.7681818181818182,0.5738039990923104,0.24123642929031527
Archetype I - SDA,in_set,0.7727272727272727,0.5789916870904355,0.23732767163814156
Archetype I - SDA,in_set,0.7772727272727272,0.5797814229739833,0.23673570417443526
Archetype I - SDA,in_set,0.7818181818181819,0.5850942068281916,0.23277420193201728
Archetype I - SDA,in_set,0.7863636363636364,0.5866384421985478,0.23162948126737712
Archetype I - SDA,in_set,0.7909090909090909,0.5903504880714266,0.22889007337174716
Archetype I - SDA,in_set,0.7954545454545454,0.5913166032240222,0.22817992653557823
Archetype I - SDA,in_set,0.8,0.5962639033563985,0.22456148119197042
Archetype I - SDA,in_set,0.8045454545454546,0.6009255251686043,0.2211793483175381
Archetype I - SDA,in_set,0.8090909090909091,0.6178087561276174,0.20914594078860008
Archetype I - SDA,in_set,0.8136363636363636,0.6182449747971998,0.20883940497348452
Archetype I - SDA,in_set,0.8181818181818182,0.6222535323915851,0.20603262932150826
Archetype I - SDA,in_set,0.8227272727272728,0.6265351382835513,0.20305456723213827
Archetype I - SDA,in_set,0.8272727272727273,0.6319351243592901,0.19932750491219828
Archetype I - SDA,in_set,0.8318181818181818,0.6333074647058874,0.1983853929746233
Archetype I - SDA,in_set,0.8363636363636363,0.6447791991351681,0.19058898151085868
Archetype I - SDA,in_set,0.8409090909090909,0.6744787073786163,0.17103175602014842
Archetype I - SDA,in_set,0.8454545454545455,0.6774394747217348,0.1691295004071695
Archetype I - SDA,in_set,0.85,0.681493048069039,0.1665385700577072
Archetype I - SDA,in_set,0.8545454545454545,0.6934687836025002,0.15897308385430145
Archetype I - SDA,in_set,0.8590909090909091,0.7118965299465395,0.14758312397372017
Archetype I - SDA,in_set,0.8636363636363636,0.7222505741444253,0.14131210424644233
Archetype I - SDA,in_set,0.8681818181818182,0.7320832839587856,0.13543950950682124
Archetype I - SDA,in_set,0.8727272727272727,0.7423324628244834,0.1294015469681725
Archetype I - SDA,in_set,0.8772727272727273,0.7446602061693041,0.12804185376083219
Archetype I - SDA,in_set,0.8818181818181818,0.762371650763051,0.11783326156448762
Archetype I - SDA,in_set,0.8863636363636364,0.7665174223954525,0.11547796949295124
Archetype I - SDA,in_set,0.8909090909090909,0.7665591654482629,0.11545431930138017
Archetype I - SDA,in_set,0.8954545454545455,0.7697397376836357,0.11365609248267704
Archetype I - SDA,in_set,0.9,0.7708041685828003,0.11305594530406242
Archetype I - SDA,in_set,0.9045454545454545,0.7714740644284404,0.11267866955539353
Archetype I - SDA,in_set,0.9090909090909091,0.7734134743906936,0.11158826592916807
Archetype I - SDA,in_set,0.9136363636363637,0.7762433534780762,0.11000210541137403
Archetype I - SDA,in_set,0.9181818181818182,0.7908194733718584,0.10192264503133536
Archetype I - SDA,in_set,0.9227272727272727,0.8046683015085723,0.09438310660278464
Archetype I - SDA,in_set,0.9272727272727272,0.8243196448614653,0.08390435009773876
Archetype I - SDA,in_set,0.9318181818181818,0.827953562855247,0.08199402065626944
Archetype I - SDA,in_set,0.9363636363636364,0.8297601412174719,0.08104743099784777
Archetype I - SDA,in_set,0.9409090909090909,0.8339533752558013,0.07885822926052623
Archetype I - SDA,in_set,0.9454545454545454,0.8347356141478848,0.07845105684984474
Archetype I - SDA,in_set,0.95,0.840694830793106,0.0753616229348434
Archetype I - SDA,in_set,0.9545454545454546,0.8442072756655851,0.07355090926784652
Archetype I - SDA,in_set,0.9590909090909091,0.8459508697940037,0.07265485870676813
Archetype I - SDA,in_set,0.9636363636363636,0.8544818256047101,0.06829717006849446
Archetype I - SDA,in_set,0.9681818181818181,0.8718021026382093,0.05958208787273888
Archetype I - SDA,in_set,0.9727272727272728,0.8722940241242585,0.05933710276061379
Archetype I - SDA,in_set,0.9772727272727273,0.8816039986993427,0.05472644865435808
Archetype I - SDA,in_set,0.9818181818181818,0.898977164809564,0.04625133977194737
Archetype I - SDA,in_set,0.9863636363636363,0.9125269047732159,0.03975432202514291
Archetype I - SDA,in_set,0.990909090909091,0.9296920722513241,0.03166087237781204
Archetype I - SDA,in_set,0.9954545454545455,0.9541584718241429,0.020379489317749095
Archetype I - SDA,in_set,1,0.9657375707685439,0.015140872602113664
Archetype II - CME,in_set,0.004545454545454545,2.72743818688723e-5,4.564245083232007
Archetype II - CME,in_set,0.00909090909090909,6.765507195829698e-4,3.169699639702988
Archetype II - CME,in_set,0.013636363636363636,0.0014704049784978795,2.83256303552101
Archetype II - CME,in_set,0.01818181818181818,0.002836688758216057,2.5471883124256838
Archetype II - CME,in_set,0.022727272727272728,0.004791595568929323,2.319519845375542
Archetype II - CME,in_set,0.02727272727272727,0.005538743778069479,2.2565887248234073
Archetype II - CME,in_set,0.031818181818181815,0.007017263917648799,2.1538321894504997
Archetype II - CME,in_set,0.03636363636363636,0.00967135687356173,2.0145125909262096
Archetype II - CME,in_set,0.04090909090909091,0.010488094906846985,1.97930339136627
Archetype II - CME,in_set,0.045454545454545456,0.011986377003299164,1.9213120667131547
Archetype II - CME,in_set,0.05,0.013538463161667045,1.868430632422579
Archetype II - CME,in_set,0.05454545454545454,0.014605963675876334,1.8354697837566039
Archetype II - CME,in_set,0.05909090909090909,0.016008622535153658,1.7956460354210033
Archetype II - CME,in_set,0.06363636363636363,0.016226041562792278,1.7897874159171319
Archetype II - CME,in_set,0.06818181818181818,0.01727531390433829,1.7625740524525553
Archetype II - CME,in_set,0.07272727272727272,0.017417292083024657,1.759019365104232
Archetype II - CME,in_set,0.07727272727272727,0.02178454368224495,1.6618515327380314
Archetype II - CME,in_set,0.08181818181818182,0.023774718087075385,1.623884624083647
Archetype II - CME,in_set,0.08636363636363636,0.02534274451343429,1.5961463546263213
Archetype II - CME,in_set,0.09090909090909091,0.02682823622597603,1.5714078782973095
Archetype II - CME,in_set,0.09545454545454546,0.02889608910631615,1.5391609321389532
Archetype II - CME,in_set,0.1,0.03268255476687721,1.4856840023908142
Archetype II - CME,in_set,0.10454545454545454,0.03313133800258808,1.4797610248663928
Archetype II - CME,in_set,0.10909090909090909,0.0347879504003266,1.4585711578016958
Archetype II - CME,in_set,0.11363636363636363,0.03909988642964807,1.4078245040631814
Archetype II - CME,in_set,0.11818181818181818,0.039777862462018386,1.4003585582123967
Archetype II - CME,in_set,0.12272727272727273,0.040938261814498535,1.3878706008625041
Archetype II - CME,in_set,0.12727272727272726,0.05270990665330314,1.2781077528988967
Archetype II - CME,in_set,0.1318181818181818,0.05359494968676445,1.2708761324435454
Archetype II - CME,in_set,0.13636363636363635,0.05396038818951967,1.2679249346865693
Archetype II - CME,in_set,0.1409090909090909,0.054136429928943214,1.266510387525285
Archetype II - CME,in_set,0.14545454545454545,0.06707447554102185,1.17344271441496
Archetype II - CME,in_set,0.15,0.06799471969623683,1.1675248122323993
Archetype II - CME,in_set,0.15454545454545454,0.0682779801902676,1.1657193347335748
Archetype II - CME,in_set,0.1590909090909091,0.07331205567356079,1.1348246026850568
Archetype II - CME,in_set,0.16363636363636364,0.07469684263186194,1.1266977550325203
Archetype II - CME,in_set,0.16818181818181818,0.08274897495395886,1.082237377305677
Archetype II - CME,in_set,0.17272727272727273,0.08905525323967786,1.050340457046183
Archetype II - CME,in_set,0.17727272727272728,0.09041667682942704,1.04375145904873
Archetype II - CME,in_set,0.18181818181818182,0.09123297716505822,1.0398481527668106
Archetype II - CME,in_set,0.18636363636363637,0.09156407533652837,1.0382748859758881
Archetype II - CME,in_set,0.19090909090909092,0.09456759687337159,1.024257646999396
Archetype II - CME,in_set,0.19545454545454546,0.09516545256600727,1.0215206827393397
Archetype II - CME,in_set,0.2,0.09656548579296421,1.015178070355409
Archetype II - CME,in_set,0.20454545454545456,0.09804600705398335,1.0085700883779636
Archetype II - CME,in_set,0.20909090909090908,0.10413024834627221,0.9824230958335773
Archetype II - CME,in_set,0.21363636363636362,0.11566688101766316,0.9367909751042753
Archetype II - CME,in_set,0.21818181818181817,0.11794358074081428,0.9283256912744209
Archetype II - CME,in_set,0.22272727272727272,0.12204789030152431,0.9134697233203307
Archetype II - CME,in_set,0.22727272727272727,0.12392888435295708,0.9068274599425425
Archetype II - CME,in_set,0.2318181818181818,0.1270679870473624,0.8959638499170344
Archetype II - CME,in_set,0.23636363636363636,0.12778931280678316,0.893505465294352
Archetype II - CME,in_set,0.2409090909090909,0.12968483597620473,0.8871108029203321
Archetype II - CME,in_set,0.24545454545454545,0.13102472234697266,0.8826467519329853
Archetype II - CME,in_set,0.25,0.13560529593227136,0.8677233491913051
Archetype II - CME,in_set,0.2545454545454545,0.13831135832971275,0.8591421535322981
Archetype II - CME,in_set,0.2590909090909091,0.14215330602807802,0.8472430355651307
Archetype II - CME,in_set,0.2636363636363636,0.14847547369712566,0.8283452804727653
Archetype II - CME,in_set,0.2681818181818182,0.14953445167626617,0.825258737445417
Archetype II - CME,in_set,0.2727272727272727,0.1523835477404565,0.8170619195530877
Archetype II - CME,in_set,0.2772727272727273,0.15353551236587915,0.813791157380453
Archetype II - CME,in_set,0.2818181818181818,0.15419745577074204,0.8119227920038885
Archetype II - CME,in_set,0.2863636363636364,0.15452558630125285,0.8109995999321196
Archetype II - CME,in_set,0.2909090909090909,0.15913630686461303,0.7982307249913562
Archetype II - CME,in_set,0.29545454545454547,0.16051930303785023,0.7944727346064824
Archetype II - CME,in_set,0.3,0.1619544130437272,0.7906072135418746
Archetype II - CME,in_set,0.30454545454545456,0.1677222786266958,0.7754092460283185
Archetype II - CME,in_set,0.3090909090909091,0.169723422942213,0.7702582180677802
Archetype II - CME,in_set,0.31363636363636366,0.17462588295911727,0.7578913849533355
Archetype II - CME,in_set,0.3181818181818182,0.17664637758474958,0.7528952640377106
Archetype II - CME,in_set,0.32272727272727275,0.18052107762347375,0.7434720826162651
Archetype II - CME,in_set,0.32727272727272727,0.1818566042834466,0.7402709225346117
Archetype II - CME,in_set,0.33181818181818185,0.18965982848452456,0.7220246465230501
Archetype II - CME,in_set,0.33636363636363636,0.19035869342516715,0.7204272847526008
Archetype II - CME,in_set,0.3409090909090909,0.20474612819734056,0.6887843021117624
Archetype II - CME,in_set,0.34545454545454546,0.2050237546064206,0.6881958174963594
Archetype II - CME,in_set,0.35,0.21268474136069518,0.6722636665643934
Archetype II - CME,in_set,0.35454545454545455,0.21583955015039108,0.6658689728213854
Archetype II - CME,in_set,0.35909090909090907,0.2160199342482676,0.6655061704483133
Archetype II - CME,in_set,0.36363636363636365,0.2177196986784635,0.6621022754130712
Archetype II - CME,in_set,0.36818181818181817,0.21805763395822492,0.6614287045516761
Archetype II - CME,in_set,0.37272727272727274,0.2331861075366754,0.6322973269828521
Archetype II - CME,in_set,0.37727272727272726,0.23596507573846418,0.6271522704894222
Archetype II - CME,in_set,0.38181818181818183,0.23874827157577266,0.622059763818861
Archetype II - CME,in_set,0.38636363636363635,0.24909078013486727,0.6036423471750745
Archetype II - CME,in_set,0.39090909090909093,0.260340733341136,0.5844578761424408
Archetype II - CME,in_set,0.39545454545454545,0.2622131100517019,0.5813455983790573
Archetype II - CME,in_set,0.4,0.27177710377449127,0.5657871337817564
Archetype II - CME,in_set,0.40454545454545454,0.2782417442456326,0.5555777128216713
Archetype II - CME,in_set,0.4090909090909091,0.28315810413399767,0.5479710041228867
Archetype II - CME,in_set,0.41363636363636364,0.2901061971785397,0.5374429938043802
Archetype II - CME,in_set,0.41818181818181815,0.29029029634934134,0.5371674812622642
Archetype II - CME,in_set,0.42272727272727273,0.2957899682040315,0.5290165593029942
Archetype II - CME,in_set,0.42727272727272725,0.2974818746476625,0.5265394903734402
Archetype II - CME,in_set,0.4318181818181818,0.30259386940948985,0.5191398750854702
Archetype II - CME,in_set,0.43636363636363634,0.3147465305467627,0.5020390484248677
Archetype II - CME,in_set,0.4409090909090909,0.3254669164967521,0.48749315060769705
Archetype II - CME,in_set,0.44545454545454544,0.3315626614781664,0.47943438290773543
Archetype II - CME,in_set,0.45,0.3323478824255046,0.4784070840144024
Archetype II - CME,in_set,0.45454545454545453,0.3389843096420616,0.4698204032528838
Archetype II - CME,in_set,0.4590909090909091,0.349738706846933,0.4562563000905854
Archetype II - CME,in_set,0.4636363636363636,0.35652748635314724,0.4479069827508484
Archetype II - CME,in_set,0.4681818181818182,0.35977552069852015,0.44396838959308615
Archetype II - CME,in_set,0.4727272727272727,0.36113315578301386,0.4423326369883501
Archetype II - CME,in_set,0.4772727272727273,0.3612774035171296,0.4421592009969195
Archetype II - CME,in_set,0.4818181818181818,0.36205202140002035,0.4412290234342818
Archetype II - CME,in_set,0.4863636363636364,0.36803149337568397,0.43411501607089886
Archetype II - CME,in_set,0.4909090909090909,0.3697532709903581,0.4320879753654733
Archetype II - CME,in_set,0.4954545454545455,0.3700415451892355,0.4317495142207178
Archetype II - CME,in_set,0.5,0.37116416955716003,0.43043395517590316
Archetype II - CME,in_set,0.5045454545454545,0.37576725418704454,0.42508106868867224
Archetype II - CME,in_set,0.509090909090909,0.3822561508760025,0.41764551763568203
Archetype II - CME,in_set,0.5136363636363637,0.38338032434556435,0.4163701795315538
Archetype II - CME,in_set,0.5181818181818182,0.3842529098563432,0.4153828350064398
Archetype II - CME,in_set,0.5227272727272727,0.389078421741529,0.4099628544659684
Archetype II - CME,in_set,0.5272727272727272,0.39031142696344723,0.40858873389803774
Archetype II - CME,in_set,0.5318181818181819,0.4030822056933222,0.3946063736151822
Archetype II - CME,in_set,0.5363636363636364,0.4036953460241852,0.3939462572968093
Archetype II - CME,in_set,0.5409090909090909,0.40991043075493633,0.38731103030102926
Archetype II - CME,in_set,0.5454545454545454,0.4203360095927894,0.3764034030053902
Archetype II - CME,in_set,0.55,0.42344153759832664,0.3732065420064536
Archetype II - CME,in_set,0.5545454545454546,0.4291713920238164,0.36736923521558956
Archetype II - CME,in_set,0.5590909090909091,0.4294845440486274,0.367052460599149
Archetype II - CME,in_set,0.5636363636363636,0.44030574737313466,0.3562456455962383
Archetype II - CME,in_set,0.5681818181818182,0.4405631655898143,0.35599181596828217
Archetype II - CME,in_set,0.5727272727272728,0.44335116750754733,0.3532521435397915
Archetype II - CME,in_set,0.5772727272727273,0.44422807945364917,0.3523939933644151
Archetype II - CME,in_set,0.5818181818181818,0.4650034920203806,0.3325437856917933
Archetype II - CME,in_set,0.5863636363636363,0.4691221851024599,0.32871402849015663
Archetype II - CME,in_set,0.5909090909090909,0.4768654147630402,0.3216041741529058
Archetype II - CME,in_set,0.5954545454545455,0.47909911582313475,0.3195746306310801
Archetype II - CME,in_set,0.6,0.47979100335528996,0.31894789982334704
Archetype II - CME,in_set,0.6045454545454545,0.48968880115932845,0.31007982787951616
Archetype II - CME,in_set,0.6090909090909091,0.49889234434583857,0.30199316039007795
Archetype II - CME,in_set,0.6136363636363636,0.5000048378909195,0.30102579354564973
Archetype II - CME,in_set,0.6181818181818182,0.5000757934447598,0.30096416730356607
Archetype II - CME,in_set,0.6227272727272727,0.5105314157573475,0.2919775282680264
Archetype II - CME,in_set,0.6272727272727273,0.5221979026652427,0.2821648767925477
Archetype II - CME,in_set,0.6318181818181818,0.5363917754319278,0.2705178898657663
Archetype II - CME,in_set,0.6363636363636364,0.5406381229927252,0.26709333336608077
Archetype II - CME,in_set,0.6409090909090909,0.5419163554243398,0.26606774147081447
Archetype II - CME,in_set,0.6454545454545455,0.5476803148665376,0.2614728685261651
Archetype II - CME,in_set,0.65,0.5486360942282604,0.2607156239853864
Archetype II - CME,in_set,0.6545454545454545,0.5661712210565567,0.247052209951457
Archetype II - CME,in_set,0.6590909090909091,0.5679251000871749,0.24570893676034322
Archetype II - CME,in_set,0.6636363636363637,0.5707330586172863,0.2435669710479354
Archetype II - CME,in_set,0.6681818181818182,0.5723705537524951,0.24232271710610093
Archetype II - CME,in_set,0.6727272727272727,0.5740901225967884,0.24101992524283702
Archetype II - CME,in_set,0.6772727272727272,0.5898621408933066,0.2292494772479802
Archetype II - CME,in_set,0.6818181818181818,0.599057054265453,0.22253181338252306
Archetype II - CME,in_set,0.6863636363636364,0.5994751510363543,0.22222881421893587
Archetype II - CME,in_set,0.6909090909090909,0.626839556696128,0.20284360519516562
Archetype II - CME,in_set,0.6954545454545454,0.6290489135178403,0.20131558341805908
Archetype II - CME,in_set,0.7,0.6318810026814312,0.1993647013770272
Archetype II - CME,in_set,0.7045454545454546,0.6395902622888244,0.19409815697461952
Archetype II - CME,in_set,0.7090909090909091,0.6467278660718381,0.1892784258620654
Archetype II - CME,in_set,0.7136363636363636,0.6502237227463682,0.18693718976160845
Archetype II - CME,in_set,0.7181818181818181,0.6547429979689445,0.18392913736200456
Archetype II - CME,in_set,0.7227272727272728,0.6595552392565901,0.1807488254403142
Archetype II - CME,in_set,0.7272727272727273,0.6616934586637143,0.1793431586619737
Archetype II - CME,in_set,0.7318181818181818,0.6645946054702441,0.17744318822133692
Archetype II - CME,in_set,0.7363636363636363,0.6667048581878341,0.17606638021794718
Archetype II - CME,in_set,0.740909090909091,0.6707551790094307,0.17343596538500708
Archetype II - CME,in_set,0.7454545454545455,0.6707867399064904,0.1734155311022669
Archetype II - CME,in_set,0.75,0.6707957374915501,0.17340970574063946
Archetype II - CME,in_set,0.7545454545454545,0.6766414435613918,0.16964140566300898
Archetype II - CME,in_set,0.759090909090909,0.6776376094656034,0.16900249829407532
Archetype II - CME,in_set,0.7636363636363637,0.6807392932720697,0.1670191805563797
Archetype II - CME,in_set,0.7681818181818182,0.6907078944732937,0.16070558017946812
Archetype II - CME,in_set,0.7727272727272727,0.6918838117670971,0.15996683060833988
Archetype II - CME,in_set,0.7772727272727272,0.6921524268216674,0.15979825404340872
Archetype II - CME,in_set,0.7818181818181819,0.6923736400981322,0.15965947484898935
Archetype II - CME,in_set,0.7863636363636364,0.6933774778893297,0.1590302690932923
Archetype II - CME,in_set,0.7909090909090909,0.7049132383590132,0.15186433325070675
Archetype II - CME,in_set,0.7954545454545454,0.7073165491105339,0.15038618059519296
Archetype II - CME,in_set,0.8,0.7162507854252196,0.14493488878629632
Archetype II - CME,in_set,0.8045454545454546,0.7285735803464654,0.13752658126563155
Archetype II - CME,in_set,0.8090909090909091,0.7295327638724614,0.13695519883634238
Archetype II - CME,in_set,0.8136363636363636,0.7522793170680582,0.12362087837314469
Archetype II - CME,in_set,0.8181818181818182,0.7634041832850174,0.11724546454329746
Archetype II - CME,in_set,0.8227272727272728,0.7661271127494553,0.11569916798388326
Archetype II - CME,in_set,0.8272727272727273,0.7705443947629034,0.11320233443404282
Archetype II - CME,in_set,0.8318181818181818,0.7771868257596486,0.1094745698174696
Archetype II - CME,in_set,0.8363636363636363,0.7853102123117088,0.10495875486935727
Archetype II - CME,in_set,0.8409090909090909,0.7861472707747673,0.10449608895592226
Archetype II - CME,in_set,0.8454545454545455,0.7885867345014055,0.10315053284394642
Archetype II - CME,in_set,0.85,0.7906859151682011,0.10199599740992286
Archetype II - CME,in_set,0.8545454545454545,0.7950564644311536,0.09960202691575915
Archetype II - CME,in_set,0.8590909090909091,0.7996183672764983,0.09711723867195939
Archetype II - CME,in_set,0.8636363636363636,0.8077769309976034,0.0927085538442965
Archetype II - CME,in_set,0.8681818181818182,0.8209156281920937,0.08570147636842546
Archetype II - CME,in_set,0.8727272727272727,0.8255605218740457,0.083251083088702
Archetype II - CME,in_set,0.8772727272727273,0.8268532378848723,0.08257156860101576
Archetype II - CME,in_set,0.8818181818181818,0.8412709027107251,0.07506413189825381
Archetype II - CME,in_set,0.8863636363636364,0.849950512946687,0.07060635967374872
Archetype II - CME,in_set,0.8909090909090909,0.855594343272795,0.06773209541132293
Archetype II - CME,in_set,0.8954545454545455,0.8559442739064808,0.06755450906433574
Archetype II - CME,in_set,0.9,0.8625351277649005,0.06422320873724072
Archetype II - CME,in_set,0.9045454545454545,0.8625685112761282,0.06420640015323863
Archetype II - CME,in_set,0.9090909090909091,0.873808929181301,0.058583521683725014
Archetype II - CME,in_set,0.9136363636363637,0.8770502701105998,0.05697551335465484
Archetype II - CME,in_set,0.9181818181818182,0.8780018142726282,0.05650458668185069
Archetype II - CME,in_set,0.9227272727272727,0.8808966510426631,0.055075041093880006
Archetype II - CME,in_set,0.9272727272727272,0.8876869852290737,0.051740147456227376
Archetype II - CME,in_set,0.9318181818181818,0.8931368912356326,0.0490819716243507
Archetype II - CME,in_set,0.9363636363636364,0.9018284806487459,0.04487605335715195
Archetype II - CME,in_set,0.9409090909090909,0.9264938097751734,0.03315747800667556
Archetype II - CME,in_set,0.9454545454545454,0.9422222962267142,0.025846623072036636
Archetype II - CME,in_set,0.95,0.9466696521303404,0.023801545058165306
Archetype II - CME,in_set,0.9545454545454546,0.9485063818426784,0.022959742698633854
Archetype II - CME,in_set,0.9590909090909091,0.9491458725200065,0.022667036506267165
Archetype II - CME,in_set,0.9636363636363636,0.9499828943913986,0.02228421464621303
Archetype II - CME,in_set,0.9681818181818181,0.9501396489342265,0.022212558601336342
Archetype II - CME,in_set,0.9727272727272728,0.9513032153984988,0.021681035338326965
Archetype II - CME,in_set,0.9772727272727273,0.9557707122242346,0.019646281739772765
Archetype II - CME,in_set,0.9818181818181818,0.9660720481768329,0.014990483357989227
Archetype II - CME,in_set,0.9863636363636363,0.96798117854701,0.01413308704350993
Archetype II - CME,in_set,0.990909090909091,0.9685263805674577,0.013888545539765757
Archetype II - CME,in_set,0.9954545454545455,0.9869202677668821,0.005717932099953197
Archetype II - CME,in_set,1,0.9909163253523051,0.0039630165258322855
Archetype III - DPS,in_set,0.004545454545454545,0.004364975802502539,2.3600181594884804
Archetype III - DPS,in_set,0.00909090909090909,0.018067892984199373,1.7430924904213212
Archetype III - DPS,in_set,0.013636363636363636,0.02452987574651485,1.6103046516607007
Archetype III - DPS,in_set,0.01818181818181818,0.04837597635950319,1.3153702566342096
Archetype III - DPS,in_set,0.022727272727272728,0.04971878167457476,1.303479521995237
Archetype III - DPS,in_set,0.02727272727272727,0.05094972970844812,1.2928581156112517
Archetype III - DPS,in_set,0.031818181818181815,0.0579077471162379,1.2372633308362422
Archetype III - DPS,in_set,0.03636363636363636,0.06879099445531585,1.16246841226381
Archetype III - DPS,in_set,0.04090909090909091,0.06981424772838066,1.1560559372854795
Archetype III - DPS,in_set,0.045454545454545456,0.07032508410037987,1.152889739798253
Archetype III - DPS,in_set,0.05,0.07224398165073084,1.1411983263533458
Archetype III - DPS,in_set,0.05454545454545454,0.07556343067814232,1.1216883327676257
Archetype III - DPS,in_set,0.05909090909090909,0.08287003127672547,1.0816024972452738
Archetype III - DPS,in_set,0.06363636363636363,0.09216362557671477,1.0354404491010933
Archetype III - DPS,in_set,0.06818181818181818,0.09849457105140669,1.0065877068363425
Archetype III - DPS,in_set,0.07272727272727272,0.1091266242048768,0.9620692793416673
Archetype III - DPS,in_set,0.07727272727272727,0.12508298928788594,0.9028017483459518
Archetype III - DPS,in_set,0.08181818181818182,0.1269686356884337,0.8963035469944676
Archetype III - DPS,in_set,0.08636363636363636,0.13030957813234106,0.8850236612088059
Archetype III - DPS,in_set,0.09090909090909091,0.13781085032210239,0.8607165875843739
Archetype III - DPS,in_set,0.09545454545454546,0.1429942785044049,0.8446813392039996
Archetype III - DPS,in_set,0.1,0.14472770696440576,0.8394483187090963
Archetype III - DPS,in_set,0.10454545454545454,0.1504182787125313,0.8226993854090149
Archetype III - DPS,in_set,0.10909090909090909,0.16285026733223343,0.7882115241680764
Archetype III - DPS,in_set,0.11363636363636363,0.16902320193142906,0.7720536753913239
Archetype III - DPS,in_set,0.11818181818181818,0.1787414638182489,0.7477746896955679
Archetype III - DPS,in_set,0.12272727272727273,0.17885124926207757,0.74750802199121
Archetype III - DPS,in_set,0.12727272727272726,0.1789801046712475,0.7471952422698713
Archetype III - DPS,in_set,0.1318181818181818,0.1834586854022669,0.7364617228124343
Archetype III - DPS,in_set,0.13636363636363635,0.185400491240553,0.7318891194753468
Archetype III - DPS,in_set,0.1409090909090909,0.1931170346387029,0.7141794158980086
Archetype III - DPS,in_set,0.14545454545454545,0.19584521823926193,0.7080870277293622
Archetype III - DPS,in_set,0.15,0.2140150596985989,0.6695556653709891
Archetype III - DPS,in_set,0.15454545454545454,0.21812870786654304,0.6612871732678954
Archetype III - DPS,in_set,0.1590909090909091,0.2190586825946238,0.6594395284789439
Archetype III - DPS,in_set,0.16363636363636364,0.21994347231259426,0.6576889228923397
Archetype III - DPS,in_set,0.16818181818181818,0.22150126782441687,0.6546237836279433
Archetype III - DPS,in_set,0.17272727272727273,0.22218433722531372,0.6532865596902582
Archetype III - DPS,in_set,0.17727272727272728,0.22400875640431123,0.6497350049526823
Archetype III - DPS,in_set,0.18181818181818182,0.22401247481907838,0.6497277959772932
Archetype III - DPS,in_set,0.18636363636363637,0.2253419303214193,0.6471579897546597
Archetype III - DPS,in_set,0.19090909090909092,0.2324912997805971,0.6335932945072543
Archetype III - DPS,in_set,0.19545454545454546,0.23936817367945465,0.6209335937551537
Archetype III - DPS,in_set,0.2,0.2403330979822438,0.6191864152917571
Archetype III - DPS,in_set,0.20454545454545456,0.2440048190520509,0.6126015963373095
Archetype III - DPS,in_set,0.20909090909090908,0.2477007618410498,0.606072657673932
Archetype III - DPS,in_set,0.21363636363636362,0.25770938001933064,0.5888697738569411
Archetype III - DPS,in_set,0.21818181818181817,0.2612667228955887,0.5829159021102096
Archetype III - DPS,in_set,0.22272727272727272,0.26262076113183513,0.5806709443219652
Archetype III - DPS,in_set,0.22727272727272727,0.26749604215057915,0.572682639380621
Archetype III - DPS,in_set,0.2318181818181818,0.27318590630644046,0.5635417097168102
Archetype III - DPS,in_set,0.23636363636363636,0.27925392475474164,0.5540007144080591
Archetype III - DPS,in_set,0.2409090909090909,0.2808471468245364,0.551529983839304
Archetype III - DPS,in_set,0.24545454545454545,0.28454946181875246,0.545842231455646
Archetype III - DPS,in_set,0.25,0.2874700527492545,0.5414073913332059
Archetype III - DPS,in_set,0.2545454545454545,0.30052666343803286,0.5221169903158237
Archetype III - DPS,in_set,0.2590909090909091,0.3020299053436508,0.5199500534576869
Archetype III - DPS,in_set,0.2636363636363636,0.3047031082934345,0.5161231154924513
Archetype III - DPS,in_set,0.2681818181818182,0.3088886768815281,0.5101980116014381
Archetype III - DPS,in_set,0.2727272727272727,0.3089337127625855,0.5101346962053197
Archetype III - DPS,in_set,0.2772727272727273,0.31366678616739185,0.5035314658349274
Archetype III - DPS,in_set,0.2818181818181818,0.31748388039343856,0.4982783202425542
Archetype III - DPS,in_set,0.2863636363636364,0.3176390102979494,0.4980661658269775
Archetype III - DPS,in_set,0.2909090909090909,0.31919225206268576,0.4959476590733768
Archetype III - DPS,in_set,0.29545454545454547,0.3206093330351978,0.4940238393533991
Archetype III - DPS,in_set,0.3,0.32087751103252726,0.49366071972820263
Archetype III - DPS,in_set,0.30454545454545456,0.32455088845091573,0.48871719765964217
Archetype III - DPS,in_set,0.3090909090909091,0.33471538671170364,0.47532432286662507
Archetype III - DPS,in_set,0.31363636363636366,0.34908906476678697,0.4570637552701095
Archetype III - DPS,in_set,0.3181818181818182,0.36592045297312514,0.4366133151236217
Archetype III - DPS,in_set,0.32272727272727275,0.36936066020268465,0.4325493621895159
Archetype III - DPS,in_set,0.32727272727272727,0.37731706506431856,0.423293552350904
Archetype III - DPS,in_set,0.33181818181818185,0.38305760116743126,0.4167359153571522
Archetype III - DPS,in_set,0.33636363636363636,0.3836096635981217,0.41611046095268456
Archetype III - DPS,in_set,0.3409090909090909,0.3896773380706901,0.4092948501401437
Archetype III - DPS,in_set,0.34545454545454546,0.39326171491077866,0.4053183312721845
Archetype III - DPS,in_set,0.35,0.39814066852738733,0.3999634586506614
Archetype III - DPS,in_set,0.35454545454545455,0.40211375278311434,0.39565107323959475
Archetype III - DPS,in_set,0.35909090909090907,0.4043348850178712,0.393258787191739
Archetype III - DPS,in_set,0.36363636363636365,0.4171475112804317,0.3797103430915452
Archetype III - DPS,in_set,0.36818181818181817,0.4177734681376948,0.3790591445550273
Archetype III - DPS,in_set,0.37272727272727274,0.42792782958373,0.368629468969129
Archetype III - DPS,in_set,0.37727272727272726,0.43272967992211264,0.36378331653146956
Archetype III - DPS,in_set,0.38181818181818183,0.4357952433824372,0.3607175143009467
Archetype III - DPS,in_set,0.38636363636363635,0.43596090692558453,0.3605524526297853
Archetype III - DPS,in_set,0.39090909090909093,0.43897831016811173,0.3575569376326241
Archetype III - DPS,in_set,0.39545454545454545,0.4461874375566619,0.35048266147626106
Archetype III - DPS,in_set,0.4,0.44946162903853637,0.34730737847609633
Archetype III - DPS,in_set,0.40454545454545454,0.46643366472971753,0.331210112025358
Archetype III - DPS,in_set,0.4090909090909091,0.4691475099068094,0.32869058443596744
Archetype III - DPS,in_set,0.41363636363636364,0.47055732244034654,0.3273874640472466
Archetype III - DPS,in_set,0.41818181818181815,0.4858780234182656,0.31347274391707763
Archetype III - DPS,in_set,0.42272727272727273,0.48631582296140485,0.3130815998271915
Archetype III - DPS,in_set,0.42727272727272725,0.4879937932362179,0.31158570172762406
Archetype III - DPS,in_set,0.4318181818181818,0.4911691523037447,0.3087689167141009
Archetype III - DPS,in_set,0.43636363636363634,0.49481783863508644,0.3055546520479011
Archetype III - DPS,in_set,0.4409090909090909,0.5153429097685231,0.28790369472147703
Archetype III - DPS,in_set,0.44545454545454544,0.5248734949596071,0.27994535766322004
Archetype III - DPS,in_set,0.45,0.5435210185825708,0.26478365658610314
Archetype III - DPS,in_set,0.45454545454545453,0.5473114689853258,0.2617654510629549
Archetype III - DPS,in_set,0.4590909090909091,0.5555821777353316,0.25525169424353816
Archetype III - DPS,in_set,0.4636363636363636,0.55951116445044,0.2521912431645063
Archetype III - DPS,in_set,0.4681818181818182,0.5638006721174557,0.2488744107334335
Archetype III - DPS,in_set,0.4727272727272727,0.5669679991638858,0.24644145288618172
Archetype III - DPS,in_set,0.4772727272727273,0.5689124229294602,0.24495458275392373
Archetype III - DPS,in_set,0.4818181818181818,0.5719096822797491,0.24267255090030676
Archetype III - DPS,in_set,0.4863636363636364,0.57393431048317,0.24113781183065483
Archetype III - DPS,in_set,0.4909090909090909,0.582036996906278,0.23504940874947575
Archetype III - DPS,in_set,0.4954545454545455,0.5933819208392876,0.22666568990213296
Archetype III - DPS,in_set,0.5,0.5973083032176943,0.22380144805794613
Archetype III - DPS,in_set,0.5045454545454545,0.6012152824021313,0.2209699885332985
Archetype III - DPS,in_set,0.509090909090909,0.6147680125052133,0.2112887377140659
Archetype III - DPS,in_set,0.5136363636363637,0.6150815094191664,0.21106732854108123
Archetype III - DPS,in_set,0.5181818181818182,0.6152966375148206,0.21091545824652203
Archetype III - DPS,in_set,0.5227272727272727,0.6166385403597426,0.20996933503848966
Archetype III - DPS,in_set,0.5272727272727272,0.6172196268109504,0.20956027236882394
Archetype III - DPS,in_set,0.5318181818181819,0.6323533616034012,0.19904016838119862
Archetype III - DPS,in_set,0.5363636363636364,0.6348285651622074,0.19734353967835855
Archetype III - DPS,in_set,0.5409090909090909,0.6368460620486868,0.19596553231481892
Archetype III - DPS,in_set,0.5454545454545454,0.6466340487195497,0.1893414312096191
Archetype III - DPS,in_set,0.55,0.6517371634914408,0.18592751386847
Archetype III - DPS,in_set,0.5545454545454546,0.6525358964140376,0.18539559251729598
Archetype III - DPS,in_set,0.5590909090909091,0.6549944252063363,0.18376239636307054
Archetype III - DPS,in_set,0.5636363636363636,0.6551089233647109,0.18368648491905962
Archetype III - DPS,in_set,0.5681818181818182,0.6576660148657433,0.18199459988868452
Archetype III - DPS,in_set,0.5727272727272728,0.6586193665486654,0.18136550310853392
Archetype III - DPS,in_set,0.5772727272727273,0.6626049305408757,0.17874533679283305
Archetype III - DPS,in_set,0.5818181818181818,0.6636553197845158,0.178057420001794
Archetype III - DPS,in_set,0.5863636363636363,0.6668711967835308,0.17595804003840668
Archetype III - DPS,in_set,0.5909090909090909,0.6680718541994719,0.17517682464405912
Archetype III - DPS,in_set,0.5954545454545455,0.6751191849844999,0.17061955041065013
Archetype III - DPS,in_set,0.6,0.6765070070389072,0.16972770076248236
Archetype III - DPS,in_set,0.6045454545454545,0.6791898651048062,0.16800880327337506
Archetype III - DPS,in_set,0.6090909090909091,0.6958044672550885,0.15751278729005938
Archetype III - DPS,in_set,0.6136363636363636,0.6968292738797592,0.15687361285488216
Archetype III - DPS,in_set,0.6181818181818182,0.7002385816349638,0.15475396422286405
Archetype III - DPS,in_set,0.6227272727272727,0.7029270443725905,0.1530897473423061
Archetype III - DPS,in_set,0.6272727272727273,0.7061154799641897,0.1511242674893087
Archetype III - DPS,in_set,0.6318181818181818,0.7128198656550723,0.14702020540194036
Archetype III - DPS,in_set,0.6363636363636364,0.7136559585556442,0.14651110378452026
Archetype III - DPS,in_set,0.6409090909090909,0.7221696144435384,0.14136078862743662
Archetype III - DPS,in_set,0.6454545454545455,0.7332840122654077,0.13472778379015796
Archetype III - DPS,in_set,0.65,0.7354101049752031,0.13347040695992254
Archetype III - DPS,in_set,0.6545454545454545,0.7475313788458385,0.12637057240343832
Archetype III - DPS,in_set,0.6590909090909091,0.7520897002141999,0.12373035889660214
Archetype III - DPS,in_set,0.6636363636363637,0.7524688422709238,0.12351147833871294
Archetype III - DPS,in_set,0.6681818181818182,0.7528211367120219,0.12330819586596188
Archetype III - DPS,in_set,0.6727272727272727,0.7645212307329182,0.11661044973874156
Archetype III - DPS,in_set,0.6772727272727272,0.7760404137689967,0.11011566144819417
Archetype III - DPS,in_set,0.6818181818181818,0.7803053553540962,0.10773541244528577
Archetype III - DPS,in_set,0.6863636363636364,0.7843666746940363,0.10548086643711915
Archetype III - DPS,in_set,0.6909090909090909,0.7847663563943795,0.105259623805307
Archetype III - DPS,in_set,0.6954545454545454,0.7888717957776309,0.10299357082150302
Archetype III - DPS,in_set,0.7,0.7909658246614247,0.10184228070156384
Archetype III - DPS,in_set,0.7045454545454546,0.7913126570301532,0.10165188768536658
Archetype III - DPS,in_set,0.7090909090909091,0.7913794879441525,0.10161521056242785
Archetype III - DPS,in_set,0.7136363636363636,0.7990582307264059,0.09742157067140932
Archetype III - DPS,in_set,0.7181818181818181,0.8042896053217663,0.09458754410433326
Archetype III - DPS,in_set,0.7227272727272728,0.8051060734719869,0.09414689716165468
Archetype III - DPS,in_set,0.7272727272727273,0.8054062602474957,0.09398499903902127
Archetype III - DPS,in_set,0.7318181818181818,0.8082534016226343,0.09245245893684445
Archetype III - DPS,in_set,0.7363636363636363,0.8094646863970469,0.09180209297290262
Archetype III - DPS,in_set,0.740909090909091,0.8256792299706768,0.08318863998029774
Archetype III - DPS,in_set,0.7454545454545455,0.8278303152798381,0.08205867370998464
Archetype III - DPS,in_set,0.75,0.8293478485956307,0.08126327760383151
Archetype III - DPS,in_set,0.7545454545454545,0.8329048883789918,0.07940458900200677
Archetype III - DPS,in_set,0.759090909090909,0.8337496010775489,0.07896436087132944
Archetype III - DPS,in_set,0.7636363636363637,0.8368206343051856,0.07736761952078457
Archetype III - DPS,in_set,0.7681818181818182,0.8377057297687615,0.07690851404495241
Archetype III - DPS,in_set,0.7727272727272727,0.8388218904020986,0.07633024444800474
Archetype III - DPS,in_set,0.7772727272727272,0.8397713345749716,0.07583895399956156
Archetype III - DPS,in_set,0.7818181818181819,0.8400923583290183,0.07567296571464478
Archetype III - DPS,in_set,0.7863636363636364,0.8404927493845173,0.07546602870383999
Archetype III - DPS,in_set,0.7909090909090909,0.8409544129429382,0.07522754610926517
Archetype III - DPS,in_set,0.7954545454545454,0.8456880515415941,0.07278980537445674
Archetype III - DPS,in_set,0.8,0.8460120702856566,0.07262344071858812
Archetype III - DPS,in_set,0.8045454545454546,0.8479711146834213,0.07161894131316568
Archetype III - DPS,in_set,0.8090909090909091,0.851498507003369,0.06981610918202229
Archetype III - DPS,in_set,0.8136363636363636,0.8550085711489769,0.06802953160627613
Archetype III - DPS,in_set,0.8181818181818182,0.8627723807771224,0.06410376605915322
Archetype III - DPS,in_set,0.8227272727272728,0.8655450134592066,0.06271034131995452
Archetype III - DPS,in_set,0.8272727272727273,0.867605664109308,0.06167762138423013
Archetype III - DPS,in_set,0.8318181818181818,0.8683307318089377,0.0613148282312002
Archetype III - DPS,in_set,0.8363636363636363,0.8737574829516948,0.05860909188636117
Archetype III - DPS,in_set,0.8409090909090909,0.880639046087924,0.05520206254605257
Archetype III - DPS,in_set,0.8454545454545455,0.8830396450450919,0.054019797851864865
Archetype III - DPS,in_set,0.85,0.8851610842150831,0.05297768792390765
Archetype III - DPS,in_set,0.8545454545454545,0.8925361330422975,0.04937419307208499
Archetype III - DPS,in_set,0.8590909090909091,0.8937540136583733,0.04878199486272895
Archetype III - DPS,in_set,0.8636363636363636,0.8937740750412497,0.04877224671058741
Archetype III - DPS,in_set,0.8681818181818182,0.8982420897656436,0.046606598655746026
Archetype III - DPS,in_set,0.8727272727272727,0.8989933085546213,0.04624354082363348
Archetype III - DPS,in_set,0.8772727272727273,0.9011109235804713,0.04522174560939879
Archetype III - DPS,in_set,0.8818181818181818,0.9069301815075517,0.04242614508225422
Archetype III - DPS,in_set,0.8863636363636364,0.9084413274879843,0.0417031167555635
Archetype III - DPS,in_set,0.8909090909090909,0.917598685496444,0.03734721725374791
Archetype III - DPS,in_set,0.8954545454545455,0.9183409565189105,0.03699604642076297
Archetype III - DPS,in_set,0.9,0.920857164108365,0.035807728815443626
Archetype III - DPS,in_set,0.9045454545454545,0.9289494991803657,0.03200789507357328
Archetype III - DPS,in_set,0.9090909090909091,0.9348233193776934,0.029270462571277876
Archetype III - DPS,in_set,0.9136363636363637,0.9481094550929269,0.0231415223677651
Archetype III - DPS,in_set,0.9181818181818182,0.9501717531425327,0.022197884500555477
Archetype III - DPS,in_set,0.9227272727272727,0.9514234947294233,0.021626128189024797
Archetype III - DPS,in_set,0.9272727272727272,0.9530357293363011,0.02089081734412206
Archetype III - DPS,in_set,0.9318181818181818,0.959897772991101,0.017775015908196228
Archetype III - DPS,in_set,0.9363636363636364,0.9609990368793627,0.01727704758451164
Archetype III - DPS,in_set,0.9409090909090909,0.962809559185952,0.016459606513852826
Archetype III - DPS,in_set,0.9454545454545454,0.9664246136175897,0.014832017648675045
Archetype III - DPS,in_set,0.95,0.9681816847902538,0.014043137218535904
Archetype III - DPS,in_set,0.9545454545454546,0.9731100406506965,0.01183804632445608
Archetype III - DPS,in_set,0.9590909090909091,0.9752868196106165,0.01086764496195898
Archetype III - DPS,in_set,0.9636363636363636,0.9754204340556649,0.010808150626077682
Archetype III - DPS,in_set,0.9681818181818181,0.9803932415561594,0.008599691264291708
Archetype III - DPS,in_set,0.9727272727272728,0.9829527308556456,0.007467366422342279
Archetype III - DPS,in_set,0.9772727272727273,0.9872352346134682,0.005579352981489136
Archetype III - DPS,in_set,0.9818181818181818,0.9887289897412326,0.004922732051934376
Archetype III - DPS,in_set,0.9863636363636363,0.9892555670699318,0.004691497047834327
Archetype III - DPS,in_set,0.990909090909091,0.9902421003565558,0.0042586134884170295
Archetype III - DPS,in_set,0.9954545454545455,0.9926317809918699,0.0032118241533613907
Archetype III - DPS,in_set,1,0.9970276632316708,0.0012927917162315155
Archetype IV - HDS,in_set,0.004545454545454545,1.8171587879528113e-6,5.740607121278301
Archetype IV - HDS,in_set,0.00909090909090909,4.367552646012817e-6,5.35976185137421
Archetype IV - HDS,in_set,0.013636363636363636,7.22275862843061e-5,4.141296898235681
Archetype IV - HDS,in_set,0.01818181818181818,3.367011365096308e-4,3.4727554176807316
Archetype IV - HDS,in_set,0.022727272727272728,0.002740250694443293,2.562209703517956
Archetype IV - HDS,in_set,0.02727272727272727,0.007599570868282722,2.1192109307190337
Archetype IV - HDS,in_set,0.031818181818181815,0.01136747263205854,1.9443360827142564
Archetype IV - HDS,in_set,0.03636363636363636,0.01646238310363647,1.7835072958646856
Archetype IV - HDS,in_set,0.04090909090909091,0.016502624855973827,1.7824469727678427
Archetype IV - HDS,in_set,0.045454545454545456,0.016849413255564934,1.7734152178969251
Archetype IV - HDS,in_set,0.05,0.021293533622449807,1.6717522622164775
Archetype IV - HDS,in_set,0.05454545454545454,0.022347735710993633,1.65076647333907
Archetype IV - HDS,in_set,0.05909090909090909,0.023660859834439406,1.6259694771820004
Archetype IV - HDS,in_set,0.06363636363636363,0.02608410228722392,1.5836241054017879
Archetype IV - HDS,in_set,0.06818181818181818,0.03299458875029337,1.481557280382366
Archetype IV - HDS,in_set,0.07272727272727272,0.03939911934100548,1.4045134855250911
Archetype IV - HDS,in_set,0.07727272727272727,0.040941295736765,1.3878384166216788
Archetype IV - HDS,in_set,0.08181818181818182,0.04392102424818038,1.3573275405947112
Archetype IV - HDS,in_set,0.08636363636363636,0.044322095755740795,1.3533797123221665
Archetype IV - HDS,in_set,0.09090909090909091,0.055971945220511604,1.2520295995814914
Archetype IV - HDS,in_set,0.09545454545454546,0.06145161478161998,1.2114667005475361
Archetype IV - HDS,in_set,0.1,0.06256824939369202,1.2036459960420636
Archetype IV - HDS,in_set,0.10454545454545454,0.07122390140212477,1.1473742408413767
Archetype IV - HDS,in_set,0.10909090909090909,0.07218811274018323,1.1415343120755397
Archetype IV - HDS,in_set,0.11363636363636363,0.08731795586516604,1.0588964397845873
Archetype IV - HDS,in_set,0.11818181818181818,0.09401233752921215,1.026815148854978
Archetype IV - HDS,in_set,0.12272727272727273,0.09754272288669444,1.0108051253267678
Archetype IV - HDS,in_set,0.12727272727272726,0.09807768571052079,1.0084297905317008
Archetype IV - HDS,in_set,0.1318181818181818,0.09997722039233169,1.000098941848813
Archetype IV - HDS,in_set,0.13636363636363635,0.10782070367066682,0.9672978381604111
Archetype IV - HDS,in_set,0.1409090909090909,0.11232507182969062,0.9495232950120054
Archetype IV - HDS,in_set,0.14545454545454545,0.11245821710309077,0.9490088060162593
Archetype IV - HDS,in_set,0.15,0.12846785734334323,0.8912055192166733
Archetype IV - HDS,in_set,0.15454545454545454,0.12897770912316509,0.8894853411837895
Archetype IV - HDS,in_set,0.1590909090909091,0.12999462921116964,0.8860745904019023
Archetype IV - HDS,in_set,0.16363636363636364,0.1316510469641334,0.8805756827870213
Archetype IV - HDS,in_set,0.16818181818181818,0.13299426782123633,0.8761670771325719
Archetype IV - HDS,in_set,0.17272727272727273,0.1351648370944381,0.8691362746817406
Archetype IV - HDS,in_set,0.17727272727272728,0.13575023491915983,0.8672594101810563
Archetype IV - HDS,in_set,0.18181818181818182,0.13577512866598898,0.8671797769801697
Archetype IV - HDS,in_set,0.18636363636363637,0.13891584181281152,0.8572482249637674
Archetype IV - HDS,in_set,0.19090909090909092,0.1403868808629399,0.8526734750768887
Archetype IV - HDS,in_set,0.19545454545454546,0.15114199917305954,0.8206148376158878
Archetype IV - HDS,in_set,0.2,0.15683591953034048,0.8045544654569469
Archetype IV - HDS,in_set,0.20454545454545456,0.16258026381832352,0.7889321760545317
Archetype IV - HDS,in_set,0.20909090909090908,0.1707653998880876,0.7676001205317106
Archetype IV - HDS,in_set,0.21363636363636362,0.18281602099694247,0.7379857477395798
Archetype IV - HDS,in_set,0.21818181818181817,0.1861828746202366,0.730060268574738
Archetype IV - HDS,in_set,0.22272727272727272,0.18828005636539308,0.725195680350697
Archetype IV - HDS,in_set,0.22727272727272727,0.20135452907266085,0.6960385973496053
Archetype IV - HDS,in_set,0.2318181818181818,0.2057187688622597,0.6867260834075631
Archetype IV - HDS,in_set,0.23636363636363636,0.2059329214059943,0.6862742194720157
Archetype IV - HDS,in_set,0.2409090909090909,0.20796163904152393,0.6820167683499972
Archetype IV - HDS,in_set,0.24545454545454545,0.21030734853859434,0.6771455519736712
Archetype IV - HDS,in_set,0.25,0.2122451619842267,0.6731622004833054
Archetype IV - HDS,in_set,0.2545454545454545,0.2168939262059308,0.6637526095910727
Archetype IV - HDS,in_set,0.2590909090909091,0.21718379775513225,0.66317257691009
Archetype IV - HDS,in_set,0.2636363636363636,0.2216074764423649,0.6544155917644988
Archetype IV - HDS,in_set,0.2681818181818182,0.22574773876856322,0.6463765911595447
Archetype IV - HDS,in_set,0.2727272727272727,0.23049322805944794,0.6373418297520639
Archetype IV - HDS,in_set,0.2772727272727273,0.2331945265650057,0.6322816473543261
Archetype IV - HDS,in_set,0.2818181818181818,0.23714409289143318,0.624987688876777
Archetype IV - HDS,in_set,0.2863636363636364,0.24431403695712206,0.6120515801084667
Archetype IV - HDS,in_set,0.2909090909090909,0.24990891533837947,0.602218250423377
Archetype IV - HDS,in_set,0.29545454545454547,0.255472151930927,0.5926564337753797
Archetype IV - HDS,in_set,0.3,0.2582142766775365,0.5880197492467328
Archetype IV - HDS,in_set,0.30454545454545456,0.2604794480132623,0.5842265371112563
Archetype IV - HDS,in_set,0.3090909090909091,0.2651469825876629,0.5765133108534861
Archetype IV - HDS,in_set,0.31363636363636366,0.26644942948921835,0.5743852053159183
Archetype IV - HDS,in_set,0.3181818181818182,0.26824624694084476,0.5714663455755569
Archetype IV - HDS,in_set,0.32272727272727275,0.2847589933124207,0.5455225510617445
Archetype IV - HDS,in_set,0.32727272727272727,0.2865177472040366,0.5428484722164106
Archetype IV - HDS,in_set,0.33181818181818185,0.29367116022509276,0.5321387009749312
Archetype IV - HDS,in_set,0.33636363636363636,0.29539382881375886,0.5295985819425756
Archetype IV - HDS,in_set,0.3409090909090909,0.30235659302127166,0.5194805569686093
Archetype IV - HDS,in_set,0.34545454545454546,0.3046523287317304,0.5161954978235265
Archetype IV - HDS,in_set,0.35,0.30715035506093047,0.5126489783066067
Archetype IV - HDS,in_set,0.35454545454545455,0.31195659754145355,0.5059058250823486
Archetype IV - HDS,in_set,0.35909090909090907,0.3184569713109716,0.496949239575469
Archetype IV - HDS,in_set,0.36363636363636365,0.34052288685710475,0.46785369343778876
Archetype IV - HDS,in_set,0.36818181818181817,0.34063569798867815,0.4677098407330662
Archetype IV - HDS,in_set,0.37272727272727274,0.3686053348304139,0.4334383835210568
Archetype IV - HDS,in_set,0.37727272727272726,0.3706957922179008,0.43098234363571347
Archetype IV - HDS,in_set,0.38181818181818183,0.3757553533500959,0.4250948233455925
Archetype IV - HDS,in_set,0.38636363636363635,0.37749946760411635,0.4230836565295148
Archetype IV - HDS,in_set,0.39090909090909093,0.3817020192380364,0.4182755425879269
Archetype IV - HDS,in_set,0.39545454545454545,0.3842276074548676,0.4154114335020325
Archetype IV - HDS,in_set,0.4,0.3922191770178327,0.4064711759170462
Archetype IV - HDS,in_set,0.40454545454545454,0.3972663665086721,0.4009182017656738
Archetype IV - HDS,in_set,0.4090909090909091,0.40155244217513864,0.3962577284425778
Archetype IV - HDS,in_set,0.41363636363636364,0.4136831457793224,0.38333217270889686
Archetype IV - HDS,in_set,0.41818181818181815,0.4232240118273539,0.37342970035781886
Archetype IV - HDS,in_set,0.42272727272727273,0.42770444531596524,0.3688562359106864
Archetype IV - HDS,in_set,0.42727272727272725,0.4285645339363982,0.36798377205534055
Archetype IV - HDS,in_set,0.4318181818181818,0.4303618411616301,0.3661662431679208
Archetype IV - HDS,in_set,0.43636363636363634,0.431264996263066,0.36525579004953646
Archetype IV - HDS,in_set,0.4409090909090909,0.43340185281657145,0.3631092363796227
Archetype IV - HDS,in_set,0.44545454545454544,0.43740411146927666,0.35911713903951725
Archetype IV - HDS,in_set,0.45,0.44392126096688855,0.35269405457030123
Archetype IV - HDS,in_set,0.45454545454545453,0.446414016825598,0.35026217756859307
Archetype IV - HDS,in_set,0.4590909090909091,0.4545738551675481,0.3423955463562894
Archetype IV - HDS,in_set,0.4636363636363636,0.45939610912239975,0.3378126874035687
Archetype IV - HDS,in_set,0.4681818181818182,0.46216049788381647,0.3352071776025325
Archetype IV - HDS,in_set,0.4727272727272727,0.4670509852710196,0.3306357074141302
Archetype IV - HDS,in_set,0.4772727272727273,0.4672277418694204,0.330471378688641
Archetype IV - HDS,in_set,0.4818181818181818,0.4681170750996697,0.32964551720129903
Archetype IV - HDS,in_set,0.4863636363636364,0.4721669844622799,0.3259043835578734
Archetype IV - HDS,in_set,0.4909090909090909,0.47408170444808245,0.32414680445863636
Archetype IV - HDS,in_set,0.4954545454545455,0.4818275065745253,0.317108410621319
Archetype IV - HDS,in_set,0.5,0.49288054939097947,0.3072583201265568
Archetype IV - HDS,in_set,0.5045454545454545,0.5000983673515985,0.3009445632714665
Archetype IV - HDS,in_set,0.509090909090909,0.5089220836276417,0.29334870340154184
Archetype IV - HDS,in_set,0.5136363636363637,0.5150388707335445,0.28815999288494487
Archetype IV - HDS,in_set,0.5181818181818182,0.5170107852371029,0.28650039709928016
Archetype IV - HDS,in_set,0.5227272727272727,0.5243525771684656,0.28037659311726687
Archetype IV - HDS,in_set,0.5272727272727272,0.5258761177419043,0.2791165518874733
Archetype IV - HDS,in_set,0.5318181818181819,0.5278221448857365,0.27751239282016593
Archetype IV - HDS,in_set,0.5363636363636364,0.5281857283322954,0.2772133376809082
Archetype IV - HDS,in_set,0.5409090909090909,0.5374521155422658,0.2696602232861177
Archetype IV - HDS,in_set,0.5454545454545454,0.537909887519049,0.2692904727185325
Archetype IV - HDS,in_set,0.55,0.5382249919513515,0.26903614006433835
Archetype IV - HDS,in_set,0.5545454545454546,0.5392995797462691,0.2681699181393315
Archetype IV - HDS,in_set,0.5590909090909091,0.540444166906223,0.2672491662009912
Archetype IV - HDS,in_set,0.5636363636363636,0.5442575537603123,0.26419553466416584
Archetype IV - HDS,in_set,0.5681818181818182,0.5520470548610072,0.25802390271370057
Archetype IV - HDS,in_set,0.5727272727272728,0.5562371900693275,0.254739977532386
Archetype IV - HDS,in_set,0.5772727272727273,0.559047758444947,0.252551089531937
Archetype IV - HDS,in_set,0.5818181818181818,0.5659323007992353,0.24723551783612813
Archetype IV - HDS,in_set,0.5863636363636363,0.5664821569748283,0.24681376496989033
Archetype IV - HDS,in_set,0.5909090909090909,0.5715262096848515,0.24296384845242883
Archetype IV - HDS,in_set,0.5954545454545455,0.5741053254374668,0.24100842457049487
Archetype IV - HDS,in_set,0.6,0.5792713593756672,0.23711794357516233
Archetype IV - HDS,in_set,0.6045454545454545,0.581080967226619,0.2357633492451418
Archetype IV - HDS,in_set,0.6090909090909091,0.5893685234463586,0.22961306234186288
Archetype IV - HDS,in_set,0.6136363636363636,0.5895530663262507,0.2294770974808211
Archetype IV - HDS,in_set,0.6181818181818182,0.6009984246292139,0.22112666639282794
Archetype IV - HDS,in_set,0.6227272727272727,0.6014389009789531,0.22080848522432409
Archetype IV - HDS,in_set,0.6272727272727273,0.604240828268805,0.21878993299723043
Archetype IV - HDS,in_set,0.6318181818181818,0.6052227730869968,0.218084738877629
Archetype IV - HDS,in_set,0.6363636363636364,0.6228045595927496,0.2056482165940871
Archetype IV - HDS,in_set,0.6409090909090909,0.6359916665909761,0.19654857488187755
Archetype IV - HDS,in_set,0.6454545454545455,0.6508001360580131,0.18655236494040603
Archetype IV - HDS,in_set,0.65,0.6529208281446905,0.185139477200362
Archetype IV - HDS,in_set,0.6545454545454545,0.6613113521393736,0.17959402208783504
Archetype IV - HDS,in_set,0.6590909090909091,0.6651190879166747,0.17710058838907947
Archetype IV - HDS,in_set,0.6636363636363637,0.6678170269525544,0.1753425121800191
Archetype IV - HDS,in_set,0.6681818181818182,0.6699442535949756,0.1739613336623649
Archetype IV - HDS,in_set,0.6727272727272727,0.6728492638911681,0.17208221838012955
Archetype IV - HDS,in_set,0.6772727272727272,0.6819372172264513,0.16625560696699418
Archetype IV - HDS,in_set,0.6818181818181818,0.684677415616858,0.1645139972893032
Archetype IV - HDS,in_set,0.6863636363636364,0.6858009930045152,0.16380189038457818
Archetype IV - HDS,in_set,0.6909090909090909,0.6885513486666401,0.16206366672001715
Archetype IV - HDS,in_set,0.6954545454545454,0.6903857237968319,0.16090819779742735
Archetype IV - HDS,in_set,0.7,0.6929520749951341,0.15929680043131234
Archetype IV - HDS,in_set,0.7045454545454546,0.6947421997143995,0.15817632060674147
Archetype IV - HDS,in_set,0.7090909090909091,0.6971461861507626,0.15667614416642706
Archetype IV - HDS,in_set,0.7136363636363636,0.6982504220141826,0.1559887931445006
Archetype IV - HDS,in_set,0.7181818181818181,0.7099654498094401,0.14876278553755587
Archetype IV - HDS,in_set,0.7227272727272728,0.7230359385787738,0.14084011551522624
Archetype IV - HDS,in_set,0.7272727272727273,0.7277189796489951,0.13803629809031637
Archetype IV - HDS,in_set,0.7318181818181818,0.7280321066276627,0.1378494676323492
Archetype IV - HDS,in_set,0.7363636363636363,0.736999252688132,0.132532952512163
Archetype IV - HDS,in_set,0.740909090909091,0.7400051651760758,0.1307652489181602
Archetype IV - HDS,in_set,0.7454545454545455,0.741123091123905,0.13010965523753115
Archetype IV - HDS,in_set,0.75,0.7449397014182426,0.12787887946801926
Archetype IV - HDS,in_set,0.7545454545454545,0.7463995771444266,0.1270286153010717
Archetype IV - HDS,in_set,0.759090909090909,0.7471053883978067,0.1266181312886307
Archetype IV - HDS,in_set,0.7636363636363637,0.7486045518109816,0.12574753653179993
Archetype IV - HDS,in_set,0.7681818181818182,0.7588431546756818,0.11984797917426629
Archetype IV - HDS,in_set,0.7727272727272727,0.7599073871846306,0.11923933362121739
Archetype IV - HDS,in_set,0.7772727272727272,0.7627679711507552,0.11760755139494403
Archetype IV - HDS,in_set,0.7818181818181819,0.786239102990528,0.10444536068038313
Archetype IV - HDS,in_set,0.7863636363636364,0.7877134315491259,0.10363174917593405
Archetype IV - HDS,in_set,0.7909090909090909,0.7895255757736016,0.10263379695722258
Archetype IV - HDS,in_set,0.7954545454545454,0.798421036065595,0.09776802917702757
Archetype IV - HDS,in_set,0.8,0.8025189311952964,0.09554471391788366
Archetype IV - HDS,in_set,0.8045454545454546,0.8035556602797731,0.09498403537213945
Archetype IV - HDS,in_set,0.8090909090909091,0.8041846355589171,0.09464422861649788
Archetype IV - HDS,in_set,0.8136363636363636,0.8143291631032538,0.08920001178947075
Archetype IV - HDS,in_set,0.8181818181818182,0.8156923264898278,0.08847362323752282
Archetype IV - HDS,in_set,0.8227272727272728,0.8191609921929575,0.08663073664009377
Archetype IV - HDS,in_set,0.8272727272727273,0.8314506262283414,0.08016353525171838
Archetype IV - HDS,in_set,0.8318181818181818,0.8369602793587813,0.07729515235874765
Archetype IV - HDS,in_set,0.8363636363636363,0.8406427405136994,0.07538853308221703
Archetype IV - HDS,in_set,0.8409090909090909,0.8502076656986428,0.07047498363658343
Archetype IV - HDS,in_set,0.8454545454545455,0.8546114665777192,0.06823128442073964
Archetype IV - HDS,in_set,0.85,0.8564772362614923,0.067284175369106
Archetype IV - HDS,in_set,0.8545454545454545,0.8702585155945501,0.06035171839399962
Archetype IV - HDS,in_set,0.8590909090909091,0.8735102153633509,0.058732011745741254
Archetype IV - HDS,in_set,0.8636363636363636,0.8761806145939004,0.05740635977235186
Archetype IV - HDS,in_set,0.8681818181818182,0.8772578501204099,0.0568727368216216
Archetype IV - HDS,in_set,0.8727272727272727,0.8894011028962374,0.05090233634261257
Archetype IV - HDS,in_set,0.8772727272727273,0.8898477150572396,0.05068431039909012
Archetype IV - HDS,in_set,0.8818181818181818,0.890362141992537,0.050433314389068104
Archetype IV - HDS,in_set,0.8863636363636364,0.8914282465858976,0.049913608591743916
Archetype IV - HDS,in_set,0.8909090909090909,0.8934988378995921,0.04890600800906197
Archetype IV - HDS,in_set,0.8954545454545455,0.8950086111106178,0.04817278620382689
Archetype IV - HDS,in_set,0.9,0.8957806840217829,0.04779830660800534
Archetype IV - HDS,in_set,0.9045454545454545,0.8994767567379408,0.0460100547207388
Archetype IV - HDS,in_set,0.9090909090909091,0.9008712161114565,0.04533728907610149
Archetype IV - HDS,in_set,0.9136363636363637,0.90320023400489,0.044215958564245206
Archetype IV - HDS,in_set,0.9181818181818182,0.9066935028405664,0.0425394963144051
Archetype IV - HDS,in_set,0.9227272727272727,0.9081925946218058,0.04182204364623711
Archetype IV - HDS,in_set,0.9272727272727272,0.910563252470077,0.04068988046259497
Archetype IV - HDS,in_set,0.9318181818181818,0.913680464031728,0.03920566090843737
Archetype IV - HDS,in_set,0.9363636363636364,0.9161548079946802,0.03803113487231146
Archetype IV - HDS,in_set,0.9409090909090909,0.9257147513443077,0.03352281569559435
Archetype IV - HDS,in_set,0.9454545454545454,0.9389427223025592,0.027360899902842878
Archetype IV - HDS,in_set,0.95,0.9447842022581276,0.024667377174264007
Archetype IV - HDS,in_set,0.9545454545454546,0.946060089922674,0.024081278087595737
Archetype IV - HDS,in_set,0.9590909090909091,0.9557853089886673,0.019639649138712117
Archetype IV - HDS,in_set,0.9636363636363636,0.9579597843448453,0.018652722449345766
Archetype IV - HDS,in_set,0.9681818181818181,0.9636180545927746,0.016095071545675358
Archetype IV - HDS,in_set,0.9727272727272728,0.9645472507170713,0.015676492516672396
Archetype IV - HDS,in_set,0.9772727272727273,0.9666845364464868,0.01471522853618523
Archetype IV - HDS,in_set,0.9818181818181818,0.9678808508278625,0.014178102415665162
Archetype IV - HDS,in_set,0.9863636363636363,0.9833027128564804,0.007312762651179945
Archetype IV - HDS,in_set,0.990909090909091,0.986325307435858,0.005979823473021265
Archetype IV - HDS,in_set,0.9954545454545455,0.997219903437217,0.0012090620307875723
Archetype IV - HDS,in_set,1,0.9982454761006098,7.626492868867716e-4
Archetype V - SGP,in_set,0.004545454545454545,4.0769302526078816e-5,4.389666718316454
Archetype V - SGP,in_set,0.00909090909090909,0.003734477543774445,2.427770147724562
Archetype V - SGP,in_set,0.013636363636363636,0.047961007187226824,1.3191117052382864
Archetype V - SGP,in_set,0.01818181818181818,0.06923081131249395,1.1597005788829355
Archetype V - SGP,in_set,0.022727272727272728,0.0873690954256011,1.058642160725272
Archetype V - SGP,in_set,0.02727272727272727,0.10047241939967354,0.9979531397004916
Archetype V - SGP,in_set,0.031818181818181815,0.10689794112636246,0.9710306593007682
Archetype V - SGP,in_set,0.03636363636363636,0.1112148546561575,0.9538372013839983
Archetype V - SGP,in_set,0.04090909090909091,0.1197025438236381,0.9218966202132214
Archetype V - SGP,in_set,0.045454545454545456,0.11980644881464352,0.9215198045741114
Archetype V - SGP,in_set,0.05,0.11994296775256068,0.9210252096034983
Archetype V - SGP,in_set,0.05454545454545454,0.1599039656590766,0.7961407655064381
Archetype V - SGP,in_set,0.05909090909090909,0.17764221034943672,0.7504538316670665
Archetype V - SGP,in_set,0.06363636363636363,0.18646480833053072,0.7294031209062725
Archetype V - SGP,in_set,0.06818181818181818,0.18800494928764175,0.7258307176511102
Archetype V - SGP,in_set,0.07272727272727272,0.1950683764716299,0.7098131305903486
Archetype V - SGP,in_set,0.07727272727272727,0.20266904771732114,0.6932125731224903
Archetype V - SGP,in_set,0.08181818181818182,0.22211043420355886,0.6534310388824706
Archetype V - SGP,in_set,0.08636363636363636,0.23821637641889518,0.6230283858260091
Archetype V - SGP,in_set,0.09090909090909091,0.2655026305100144,0.5759311717187664
Archetype V - SGP,in_set,0.09545454545454546,0.2659437032881842,0.5752102879512941
Archetype V - SGP,in_set,0.1,0.2706917005079411,0.5675250596297876
Archetype V - SGP,in_set,0.10454545454545454,0.28316574765927643,0.5479592810042486
Archetype V - SGP,in_set,0.10909090909090909,0.2866708533948053,0.5426164607098732
Archetype V - SGP,in_set,0.11363636363636363,0.30044800037885144,0.5222306820728447
Archetype V - SGP,in_set,0.11818181818181818,0.3011988710140851,0.5211466603374456
Archetype V - SGP,in_set,0.12272727272727273,0.30611465459787474,0.5141158789663777
Archetype V - SGP,in_set,0.12727272727272726,0.31982122705325244,0.4950927148044347
Archetype V - SGP,in_set,0.1318181818181818,0.32055233136799965,0.4941010601573338
Archetype V - SGP,in_set,0.13636363636363635,0.3257295231486804,0.48714287649966276
Archetype V - SGP,in_set,0.1409090909090909,0.32630386471710765,0.48637778243224655
Archetype V - SGP,in_set,0.14545454545454545,0.3295648219583315,0.48205915147955064
Archetype V - SGP,in_set,0.15,0.33154639548067183,0.4794556893063793
Archetype V - SGP,in_set,0.15454545454545454,0.33199044619084744,0.4788744139655317
Archetype V - SGP,in_set,0.1590909090909091,0.33831013061965914,0.47068499716814716
Archetype V - SGP,in_set,0.16363636363636364,0.34098346517192835,0.46726668012391454
Archetype V - SGP,in_set,0.16818181818181818,0.34132655045947036,0.46682992833559034
Archetype V - SGP,in_set,0.17272727272727273,0.3435307435025997,0.46403439066826163
Archetype V - SGP,in_set,0.17727272727272728,0.3459994171966005,0.4609246327347194
Archetype V - SGP,in_set,0.18181818181818182,0.3579279871915323,0.4462043418233706
Archetype V - SGP,in_set,0.18636363636363637,0.36595621617322094,0.436570871468498
Archetype V - SGP,in_set,0.19090909090909092,0.4010108413591676,0.3968438860361343
Archetype V - SGP,in_set,0.19545454545454546,0.41446873947034557,0.38250821972770044
Archetype V - SGP,in_set,0.2,0.4356910618457714,0.36082134947640326
Archetype V - SGP,in_set,0.20454545454545456,0.44036147122484703,0.3561906859909974
Archetype V - SGP,in_set,0.20909090909090908,0.4487878208689677,0.3479589374051293
Archetype V - SGP,in_set,0.21363636363636362,0.4537130896828062,0.3432186910998451
Archetype V - SGP,in_set,0.21818181818181817,0.4605271536321051,0.3367447578125831
Archetype V - SGP,in_set,0.22272727272727272,0.4639769768157921,0.3335035692079025
Archetype V - SGP,in_set,0.22727272727272727,0.4661724456375473,0.33145340018742975
Archetype V - SGP,in_set,0.2318181818181818,0.4665810657098221,0.33107288925549033
Archetype V - SGP,in_set,0.23636363636363636,0.4731856660614544,0.324968419675343
Archetype V - SGP,in_set,0.2409090909090909,0.4737994248889217,0.3244054707718003
Archetype V - SGP,in_set,0.24545454545454545,0.4881694578105309,0.31142939558511823
Archetype V - SGP,in_set,0.25,0.4923654718095887,0.3077124105099047
Archetype V - SGP,in_set,0.2545454545454545,0.4939135999077732,0.3063490153780677
Archetype V - SGP,in_set,0.2590909090909091,0.49968677573649306,0.30130214405484196
Archetype V - SGP,in_set,0.2636363636363636,0.500474292571846,0.3006182256390628
Archetype V - SGP,in_set,0.2681818181818182,0.5018577425075987,0.299419371300199
Archetype V - SGP,in_set,0.2727272727272727,0.5146193899358605,0.28851385438003735
Archetype V - SGP,in_set,0.2772727272727273,0.5178344473790039,0.28580906280610685
Archetype V - SGP,in_set,0.2818181818181818,0.5189818399250683,0.2848478386030237
Archetype V - SGP,in_set,0.2863636363636364,0.5324901083345754,0.27368845537394065
Archetype V - SGP,in_set,0.2909090909090909,0.5325625811437653,0.27362935117847936
Archetype V - SGP,in_set,0.29545454545454547,0.5365725108971718,0.2703715803995853
Archetype V - SGP,in_set,0.3,0.5396440249333601,0.2678926271882478
Archetype V - SGP,in_set,0.30454545454545456,0.5446287993522095,0.2638993973900083
Archetype V - SGP,in_set,0.3090909090909091,0.5447659368387736,0.2637900558409575
Archetype V - SGP,in_set,0.31363636363636366,0.551101762201078,0.2587682002737842
Archetype V - SGP,in_set,0.3181818181818182,0.5601479863530264,0.25169722091162244
Archetype V - SGP,in_set,0.32272727272727275,0.5693764355342541,0.2446005107212243
Archetype V - SGP,in_set,0.32727272727272727,0.5803536868075382,0.23630725227574234
Archetype V - SGP,in_set,0.33181818181818185,0.5854327697953821,0.23252297144273446
Archetype V - SGP,in_set,0.33636363636363636,0.5878542739473062,0.23073031995157214
Archetype V - SGP,in_set,0.3409090909090909,0.594652959643371,0.22573641525106347
Archetype V - SGP,in_set,0.34545454545454546,0.6046011543574127,0.21853102796439441
Archetype V - SGP,in_set,0.35,0.61506421773399,0.21107953796194845
Archetype V - SGP,in_set,0.35454545454545455,0.6175864428041173,0.20930224615675325
Archetype V - SGP,in_set,0.35909090909090907,0.62669232005851,0.20294562742648067
Archetype V - SGP,in_set,0.36363636363636365,0.6268663502244249,0.20282504217902664
Archetype V - SGP,in_set,0.36818181818181817,0.6375767217218444,0.1954675476538245
Archetype V - SGP,in_set,0.37272727272727274,0.6400023821040216,0.19381840955875873
Archetype V - SGP,in_set,0.37727272727272726,0.642147981589637,0.19236487818960213
Archetype V - SGP,in_set,0.38181818181818183,0.6435362489903043,0.1914269852116871
Archetype V - SGP,in_set,0.38636363636363635,0.6531691432874641,0.1849743401884597
Archetype V - SGP,in_set,0.39090909090909093,0.6577873146361563,0.18191450609909224
Archetype V - SGP,in_set,0.39545454545454545,0.6650387597484457,0.17715304243475066
Archetype V - SGP,in_set,0.4,0.6724330888452748,0.17235092410028638
Archetype V - SGP,in_set,0.40454545454545454,0.6739324290517887,0.17138364524665264
Archetype V - SGP,in_set,0.4090909090909091,0.6739612952408605,0.17136504374060896
Archetype V - SGP,in_set,0.41363636363636364,0.6760898279072326,0.16999559818160317
Archetype V - SGP,in_set,0.41818181818181815,0.6801303191088057,0.1674078645772064
Archetype V - SGP,in_set,0.42272727272727273,0.7032185227374103,0.15290969849073704
Archetype V - SGP,in_set,0.42727272727272725,0.7085948884652666,0.14960198482719317
Archetype V - SGP,in_set,0.4318181818181818,0.7088513717734748,0.14944481585395528
Archetype V - SGP,in_set,0.43636363636363634,0.7157890481150906,0.14521495079034177
Archetype V - SGP,in_set,0.4409090909090909,0.719906956010893,0.14272363009958963
Archetype V - SGP,in_set,0.44545454545454544,0.7201174801383013,0.14259664688292034
Archetype V - SGP,in_set,0.45,0.7230759375713235,0.14081609062194245
Archetype V - SGP,in_set,0.45454545454545453,0.7243411246095532,0.14005685694482906
Archetype V - SGP,in_set,0.4590909090909091,0.7269571593573785,0.13849118199227467
Archetype V - SGP,in_set,0.4636363636363636,0.7315522064642713,0.1357546754575813
Archetype V - SGP,in_set,0.4681818181818182,0.7322017958967697,0.13536921024402523
Archetype V - SGP,in_set,0.4727272727272727,0.7325542712518096,0.13516019509387336
Archetype V - SGP,in_set,0.4772727272727273,0.7330067365007411,0.13489203407421232
Archetype V - SGP,in_set,0.4818181818181818,0.7349241065316072,0.13375750692440963
Archetype V - SGP,in_set,0.4863636363636364,0.7461777624055466,0.12715769794926288
Archetype V - SGP,in_set,0.4909090909090909,0.7503556882193492,0.12473282085772408
Archetype V - SGP,in_set,0.4954545454545455,0.7536308532408006,0.12284133006928886
Archetype V - SGP,in_set,0.5,0.7601890845910257,0.11907837063914899
Archetype V - SGP,in_set,0.5045454545454545,0.7630832942274852,0.11742805411719846
Archetype V - SGP,in_set,0.509090909090909,0.7643619140989889,0.11670096069175352
Archetype V - SGP,in_set,0.5136363636363637,0.7646057103589108,0.11656246283268004
Archetype V - SGP,in_set,0.5181818181818182,0.7646064075789418,0.11656206681330693
Archetype V - SGP,in_set,0.5227272727272727,0.765484639577399,0.11606351954926739
Archetype V - SGP,in_set,0.5272727272727272,0.7663240856124472,0.11558752432691773
Archetype V - SGP,in_set,0.5318181818181819,0.767637729121707,0.11484368799247299
Archetype V - SGP,in_set,0.5363636363636364,0.7695350915553366,0.11377157112638453
Archetype V - SGP,in_set,0.5409090909090909,0.7764453362303518,0.10988911431943242
Archetype V - SGP,in_set,0.5454545454545454,0.7840322319987216,0.10566608286218766
Archetype V - SGP,in_set,0.55,0.7862618722705089,0.10443278380722518
Archetype V - SGP,in_set,0.5545454545454546,0.7884525339695041,0.10322444673027653
Archetype V - SGP,in_set,0.5590909090909091,0.789706080861978,0.1025345178377225
Archetype V - SGP,in_set,0.5636363636363636,0.7982953673904243,0.09783639098776527
Archetype V - SGP,in_set,0.5681818181818182,0.8034490410341815,0.09504166326838047
Archetype V - SGP,in_set,0.5727272727272728,0.8046986000484115,0.09436675422390728
Archetype V - SGP,in_set,0.5772727272727273,0.808772299830442,0.09217373159707101
Archetype V - SGP,in_set,0.5818181818181818,0.8109042616676898,0.09103041716220417
Archetype V - SGP,in_set,0.5863636363636363,0.8154726820887102,0.08859058301959417
Archetype V - SGP,in_set,0.5909090909090909,0.8194384147091391,0.08648368047911006
Archetype V - SGP,in_set,0.5954545454545455,0.8201994183817441,0.08608054301450416
Archetype V - SGP,in_set,0.6,0.8219203932519467,0.08517024382930881
Archetype V - SGP,in_set,0.6045454545454545,0.8223783756885288,0.08492831790451139
Archetype V - SGP,in_set,0.6090909090909091,0.8232426480688378,0.08447213904592653
Archetype V - SGP,in_set,0.6136363636363636,0.8246050596424701,0.08375400476621044
Archetype V - SGP,in_set,0.6181818181818182,0.8254688349545025,0.08329931860080425
Archetype V - SGP,in_set,0.6227272727272727,0.8309573339812155,0.08042127476248595
Archetype V - SGP,in_set,0.6272727272727273,0.831402112640292,0.08018887626129872
Archetype V - SGP,in_set,0.6318181818181818,0.8323646421977512,0.07968637635150827
Archetype V - SGP,in_set,0.6363636363636364,0.8337226364973753,0.07897840676440444
Archetype V - SGP,in_set,0.6409090909090909,0.8367229784827538,0.07741830404974685
Archetype V - SGP,in_set,0.6454545454545455,0.8400930856661167,0.07567258971032995
Archetype V - SGP,in_set,0.65,0.8404784949235473,0.07547339424773361
Archetype V - SGP,in_set,0.6545454545454545,0.8419589985622263,0.07470905711286889
Archetype V - SGP,in_set,0.6590909090909091,0.8483829985948461,0.0714080432323563
Archetype V - SGP,in_set,0.6636363636363637,0.8505341189908897,0.07030826007344235
Archetype V - SGP,in_set,0.6681818181818182,0.8513144675049404,0.06990998600834149
Archetype V - SGP,in_set,0.6727272727272727,0.851487391568964,0.06982177848536787
Archetype V - SGP,in_set,0.6772727272727272,0.8524925465894061,0.06930940939029495
Archetype V - SGP,in_set,0.6818181818181818,0.8532849088237019,0.06890593522116228
Archetype V - SGP,in_set,0.6863636363636364,0.857657089820068,0.06668631793977016
Archetype V - SGP,in_set,0.6909090909090909,0.8597551968529442,0.06562519037336884
Archetype V - SGP,in_set,0.6954545454545454,0.860600355920188,0.06519847864139998
Archetype V - SGP,in_set,0.7,0.86158242397839,0.06470316909616544
Archetype V - SGP,in_set,0.7045454545454546,0.8632600472105137,0.06385835833304954
Archetype V - SGP,in_set,0.7090909090909091,0.8655863171329717,0.06268961734912122
Archetype V - SGP,in_set,0.7136363636363636,0.869228931243403,0.060865827139522696
Archetype V - SGP,in_set,0.7181818181818181,0.8696569246382092,0.060652040624691775
Archetype V - SGP,in_set,0.7227272727272728,0.8710518961032502,0.05995596953899248
Archetype V - SGP,in_set,0.7272727272727273,0.8715239789456957,0.05972065929347992
Archetype V - SGP,in_set,0.7318181818181818,0.8716181428896509,0.059673738413327335
Archetype V - SGP,in_set,0.7363636363636363,0.8732889835009089,0.05884201841125374
Archetype V - SGP,in_set,0.740909090909091,0.8758115591657033,0.0575893271859667
Archetype V - SGP,in_set,0.7454545454545455,0.879117299641627,0.05595317363119927
Archetype V - SGP,in_set,0.75,0.8813254193468519,0.05486370369738757
Archetype V - SGP,in_set,0.7545454545454545,0.8840136055345846,0.053541050865746995
Archetype V - SGP,in_set,0.759090909090909,0.8925484735533907,0.04936818840894248
Archetype V - SGP,in_set,0.7636363636363637,0.8943924052920482,0.04847189724137169
Archetype V - SGP,in_set,0.7681818181818182,0.8945470818083667,0.0483967967048036
Archetype V - SGP,in_set,0.7727272727272727,0.9013263722657937,0.045117921553127764
Archetype V - SGP,in_set,0.7772727272727272,0.9034348635875366,0.044103154009807695
Archetype V - SGP,in_set,0.7818181818181819,0.9040008165469386,0.043831177244028824
Archetype V - SGP,in_set,0.7863636363636364,0.9048603386401546,0.04341844713571527
Archetype V - SGP,in_set,0.7909090909090909,0.9053787482475264,0.0431697038181803
Archetype V - SGP,in_set,0.7954545454545454,0.9064494529332476,0.04265640880424502
Archetype V - SGP,in_set,0.8,0.907429887711282,0.04218692062397605
Archetype V - SGP,in_set,0.8045454545454546,0.908306224875515,0.04176770946038697
Archetype V - SGP,in_set,0.8090909090909091,0.9085000536524341,0.04167504270822493
Archetype V - SGP,in_set,0.8136363636363636,0.9105775571945485,0.0406830578568192
Archetype V - SGP,in_set,0.8181818181818182,0.9143737364022028,0.03887625669349008
Archetype V - SGP,in_set,0.8227272727272728,0.9152291729839753,0.03847014516814475
Archetype V - SGP,in_set,0.8272727272727273,0.9180954786476037,0.03711215137656907
Archetype V - SGP,in_set,0.8318181818181818,0.9227882365461697,0.03489795038376739
Archetype V - SGP,in_set,0.8363636363636363,0.9235706178589458,0.03452989202240478
Archetype V - SGP,in_set,0.8409090909090909,0.9263588697357454,0.033220735830962425
Archetype V - SGP,in_set,0.8454545454545455,0.932425949258841,0.030385648640192286
Archetype V - SGP,in_set,0.85,0.9334144506863875,0.02992547985457229
Archetype V - SGP,in_set,0.8545454545454545,0.93729181793073435,0.028125174121757628
Archetype V - SGP,in_set,0.8590909090909091,0.9374335146549735,0.028059523858768826
Archetype V - SGP,in_set,0.8636363636363636,0.9385585309426956,0.027538638468528644
Archetype V - SGP,in_set,0.8681818181818182,0.9438097778567253,0.025115527684716196
Archetype V - SGP,in_set,0.8727272727272727,0.9472098464463408,0.023553796014857114
Archetype V - SGP,in_set,0.8772727272727273,0.9481005946182868,0.023145581048124753
Archetype V - SGP,in_set,0.8818181818181818,0.948975991084126,0.02274477500324396
Archetype V - SGP,in_set,0.8863636363636364,0.9504370439026247,0.022076645122798964
Archetype V - SGP,in_set,0.8909090909090909,0.9508195142492673,0.02190191356164597
Archetype V - SGP,in_set,0.8954545454545455,0.9521392126167134,0.02129954862062164
Archetype V - SGP,in_set,0.9,0.9597032040304252,0.017863055273951968
Archetype V - SGP,in_set,0.9045454545454545,0.960418355068129,0.017539548501902147
Archetype V - SGP,in_set,0.9090909090909091,0.9613066636869858,0.017138047189166256
Archetype V - SGP,in_set,0.9136363636363637,0.9618051129859172,0.016912918533091514
Archetype V - SGP,in_set,0.9181818181818182,0.966182006346556,0.01494105484077049
Archetype V - SGP,in_set,0.9227272727272727,0.966351451870362,0.014864896515182066
Archetype V - SGP,in_set,0.9272727272727272,0.966441139884292,0.014824591094169165
Archetype V - SGP,in_set,0.9318181818181818,0.9682386166333866,0.014017600215741506
Archetype V - SGP,in_set,0.9363636363636364,0.9689132740978527,0.013715094225126364
Archetype V - SGP,in_set,0.9409090909090909,0.9713062729854476,0.012643806451926254
Archetype V - SGP,in_set,0.9454545454545454,0.9750474902703485,0.01097423121420408
Archetype V - SGP,in_set,0.95,0.9799448684175134,0.008798356976448714
Archetype V - SGP,in_set,0.9545454545454546,0.9829887453496021,0.00745145455905956
Archetype V - SGP,in_set,0.9590909090909091,0.9837175332362259,0.0071295879177901466
Archetype V - SGP,in_set,0.9636363636363636,0.9843645118794193,0.00684405178837215
Archetype V - SGP,in_set,0.9681818181818181,0.9849297895334079,0.006594726969388067
Archetype V - SGP,in_set,0.9727272727272728,0.9851459504123079,0.006499423549948029
Archetype V - SGP,in_set,0.9772727272727273,0.9887798374367738,0.004900398019041669
Archetype V - SGP,in_set,0.9818181818181818,0.9888623133703015,0.004864174233229802
Archetype V - SGP,in_set,0.9863636363636363,0.9914760726141572,0.0037177622020237726
Archetype V - SGP,in_set,0.990909090909091,0.9949482186117676,0.0021995212204657774
Archetype V - SGP,in_set,0.9954545454545455,0.9957183386273543,0.001863494186061821
Archetype V - SGP,in_set,1,0.9998361153994805,7.118001048766757e-5
