row_id,gwas_chr,gwas_snp,gwas_pos,gwas_p,gwas_genes,magma_gene,magma_p,composite_gene,composite_score,composite_best_pathway,composite_gwas_rank,composite_magma_rank
1,4,Chr04pos40965614.1,40965614,3.975969e-15,"SORBI_3004G140501, SORBI_3004G140600, SORBI_3004G140800",SORBI_3004G140501,2.9519e-11,SORBI_3008G029200,8.081,palmitate biosynthesis II (bacteria and plants),7,10
2,7,Chr07pos14664850.1,14664850,4.075925e-15,,SORBI_3008G028800,3.7061e-11,SORBI_3006G032800,6.385,"(1,4)-&beta;-D-xylan degradation",24,46
3,6,Chr06pos11249320.1,11249320,4.583159e-14,,SORBI_3004G140800,4.0962e-11,SORBI_3006G032700,6.346,thiosulfate disproportionation IV (rhodanese),23,68
4,9,Chr09pos17713323.1,17713323,1.445844e-13,SORBI_3009G090500,SORBI_3008G028850,1.5175e-10,SORBI_3009G066100,6.248,crocetin esters biosynthesis,16,81
5,4,Chr04pos40965691.1,40965691,2.374898e-13,"SORBI_3004G140501, SORBI_3004G140600, SORBI_3004G140800",SORBI_3009G083900,2.6855e-10,SORBI_3004G014400,6.237,cycloartenol biosynthesis,76,35
6,4,Chr04pos40965707.1,40965707,2.374898e-13,"SORBI_3004G140501, SORBI_3004G140600, SORBI_3004G140800",SORBI_3004G102200,2.7688e-10,SORBI_3008G001400,6.131,tetrahydrofolate biosynthesis II,49,141
7,4,Chr04pos40965581.1,40965581,3.031834e-13,"SORBI_3004G140501, SORBI_3004G140600, SORBI_3004G140800",SORBI_3008G028900,3.0183e-10,SORBI_3008G009300,5.939,aerobic respiration I (cytochrome c),163,49
8,4,Chr04pos40965626.1,40965626,3.031834e-13,"SORBI_3004G140501, SORBI_3004G140600, SORBI_3004G140800",SORBI_3009G090500,6.53e-10,SORBI_3004G210000,5.769,L-valine biosynthesis,61,302
9,8,Chr08pos2608927.1,2608927,3.107246e-13,"SORBI_3008G028900, SORBI_3008G029000, SORBI_3008G029200, SORBI_3008G029300, SORBI_3008G029400",SORBI_3008G029300,7.7657e-10,SORBI_3008G009000,5.674,aerobic respiration I (cytochrome c),160,92
10,4,Chr04pos44230531.1,44230531,5.989285e-13,,SORBI_3008G029200,1.0193e-9,SORBI_3006G037700,5.568,pyrimidine ribonucleosides salvage I,236,134
