"pathway_id","pathway_name","n_genes","acat_p","fisher_p","stouffer_p_analytic","minp_p_analytic","tfisher_p_analytic","omni_p_final","FDR","genes_used"
"GLUCONEO-PWY","gluconeogenesis I",56,1.0434929616867e-05,0.0812303596222482,0.676733947376764,1.04349865273821e-05,2.2524555554071e-09,9.99900009999e-05,0.000561587676848754,"SORBI_3001G071800;SORBI_3002G230600;SORBI_3003G238500;SORBI_3009G240700;SORBI_3008G186200;SORBI_3007G137600;SORBI_3001G073900;SORBI_3001G219300;SORBI_3006G170800;SORBI_3002G385700;SORBI_3002G309400;SORBI_3003G072300;SORBI_3003G352300;SORBI_3002G277100;SORBI_3007G166300;SORBI_3007G166200;SORBI_3005G154850;SORBI_3009G069600;SORBI_3009G108700;SORBI_3003G280900;SORBI_3003G292400;SORBI_3003G036200;SORBI_3003G036000;SORBI_3004G338000;SORBI_3001G432800;SORBI_3006G198400;SORBI_3010G027000;SORBI_3010G026925;SORBI_3001G426100;SORBI_3002G186900;SORBI_3003G336000;SORBI_3008G116600;SORBI_3001G384100;SORBI_3010G221800;SORBI_3009G183700;SORBI_3004G055200;SORBI_3001G236800;SORBI_3010G262466;SORBI_3010G262500;SORBI_3010G262433;SORBI_3010G100200;SORBI_3009G016700;SORBI_3005G159000;SORBI_3004G056400;SORBI_3004G205100;SORBI_3007G025400;SORBI_3010G188300;SORBI_3003G096000;SORBI_3003G393900;SORBI_3005G056400;SORBI_3008G053200;SORBI_3004G146000;SORBI_3010G219700;SORBI_3003G367500;SORBI_3009G152700;SORBI_3001G425400"
"GLUGLNSYN-PWY","L-glutamate biosynthesis IV",6,6.21619296991103e-12,1.80332648108396e-13,4.63062096052466e-06,6.2159999999839e-12,1e-15,9.99900009999e-05,0.000561587676848754,"SORBI_3007G174600;SORBI_3004G209300;SORBI_3005G150250;SORBI_3009G225700;SORBI_3003G258800;SORBI_3010G060800"
"GLUTAMINDEG-PWY","L-glutamine degradation I",34,3.52115603714334e-11,1e-15,3.43597386279413e-06,3.5223999999398e-11,1e-15,9.99900009999e-05,0.000561587676848754,"SORBI_3003G221200;SORBI_3003G241000;SORBI_3003G017300;SORBI_3009G239500;SORBI_3009G239301;SORBI_3008G127100;SORBI_3003G193700;SORBI_3004G265900;SORBI_3007G104300;SORBI_3010G060800;SORBI_3003G258800;SORBI_3009G225700;SORBI_3005G150250;SORBI_3004G209300;SORBI_3007G174600;SORBI_3010G110000;SORBI_3005G003200;SORBI_3008G139800;SORBI_3001G406800;SORBI_3001G432300;SORBI_3006G278500;SORBI_3001G265500;SORBI_3001G151700;SORBI_3006G028000;SORBI_3006G027900;SORBI_3002G301500;SORBI_3005G143500;SORBI_3005G139300;SORBI_3006G237100;SORBI_3002G301600;SORBI_3002G301700;SORBI_3004G028500;SORBI_3002G005600;SORBI_3002G402700"
"GLYOXYLATE-BYPASS","glyoxylate cycle",17,3.16772799260093e-06,0.000113442281727023,0.0263711685512593,3.1677752777314e-06,1.11022302462516e-15,9.99900009999e-05,0.000561587676848754,"SORBI_3003G238500;SORBI_3009G240700;SORBI_3008G186200;SORBI_3007G137600;SORBI_3001G073900;SORBI_3001G219300;SORBI_3006G170800;SORBI_3002G385700;SORBI_3002G309400;SORBI_3007G068100;SORBI_3001G512800;SORBI_3006G000100;SORBI_3002G316900;SORBI_3004G101900;SORBI_3004G078000;SORBI_3002G324000;SORBI_3006G127100"
"HOMOSER-THRESYN-PWY","L-threonine biosynthesis",3,2.4809461960373e-05,8.22638182165367e-06,0.00139869360995511,2.48283945141075e-05,1e-15,9.99900009999e-05,0.000561587676848754,"SORBI_3003G265400;SORBI_3009G220000;SORBI_3004G357900"
"LIPASYN-PWY","phospholipases",106,2.08490310662939e-06,0.00140120922458732,0.505576260029681,3.30899657690731e-06,1e-15,9.99900009999e-05,0.000561587676848754,"SORBI_3009G027800;SORBI_3005G018900;SORBI_3005G002000;SORBI_3008G090600;SORBI_3008G002000;SORBI_3001G408001;SORBI_3002G430500;SORBI_3003G107900;SORBI_3003G430100;SORBI_3005G170100;SORBI_3001G008600;SORBI_3001G029200;SORBI_3010G159700;SORBI_3010G159900;SORBI_3010G160000;SORBI_3010G047800;SORBI_3003G370500;SORBI_3003G390900;SORBI_3010G160033;SORBI_3003G370600;SORBI_3003G432600;SORBI_3003G239200;SORBI_3003G038000;SORBI_3003G239500;SORBI_3003G274700;SORBI_3003G239100;SORBI_3003G418700;SORBI_3003G391000;SORBI_3009G135100;SORBI_3009G240600;SORBI_3009G125300;SORBI_3009G240500;SORBI_3009G117500;SORBI_3009G014600;SORBI_3009G149700;SORBI_3005G203800;SORBI_3005G111400;SORBI_3005G032700;SORBI_3008G170100;SORBI_3004G297600;SORBI_3004G300100;SORBI_3007G187000;SORBI_3007G011300;SORBI_3007G036900;SORBI_3001G373200;SORBI_3001G365100;SORBI_3001G295700;SORBI_3006G214500;SORBI_3002G320900;SORBI_3002G409500;SORBI_3002G262300;SORBI_3002G177200;SORBI_3002G213300;SORBI_3010G228100;SORBI_3003G029000;SORBI_3003G029200;SORBI_3003G389400;SORBI_3003G074600;SORBI_3003G074500;SORBI_3005G186400;SORBI_3005G186100;SORBI_3005G159400;SORBI_3005G186200;SORBI_3005G219100;SORBI_3005G219000;SORBI_3005G145100;SORBI_3008G135401;SORBI_3008G166050;SORBI_3004G357800;SORBI_3007G158700;SORBI_3007G158500;SORBI_3007G158600;SORBI_3007G158800;SORBI_3001G157700;SORBI_3001G433900;SORBI_3001G103800;SORBI_3001G279800;SORBI_3001G288200;SORBI_3001G448800;SORBI_3001G348600;SORBI_3001G067500;SORBI_3001G429900;SORBI_3001G120400;SORBI_3001G158200;SORBI_3001G157900;SORBI_3006G276100;SORBI_3002G401900;SORBI_3002G228700;SORBI_3002G031800;SORBI_3002G377600;SORBI_3010G209900;SORBI_3010G185600;SORBI_3003G147000;SORBI_3003G050400;SORBI_3009G109925;SORBI_3009G062600;SORBI_3009G110000;SORBI_3005G222500;SORBI_3008G183400;SORBI_3004G016900;SORBI_3001G529800;SORBI_3001G349800;SORBI_3001G320200;SORBI_3002G098900;SORBI_3002G282500;SORBI_3002G204500"
"PHOSLIPSYN2-PWY","superpathway of phospholipid biosynthesis II (plants)",4,1.31104657179396e-11,3.28716850286528e-10,4.57347144722983e-06,1.31103999999355e-11,1e-15,9.99900009999e-05,0.000561587676848754,"SORBI_3003G095800;SORBI_3009G225100;SORBI_3010G223300;SORBI_3006G060000"
"PWY-1269","CMP-3-deoxy-D-<I>manno</I>-octulosonate biosynthesis",3,2.69769509565899e-13,8.90793149203188e-12,2.37046503899489e-05,2.69807999999976e-13,1e-15,9.99900009999e-05,0.000561587676848754,"SORBI_3004G047400;SORBI_3008G075200;SORBI_3009G231100"
"PWY-2161B","glutamate removal from folates",3,0.00076011953921445,1.29310370179203e-07,6.02678568134183e-09,0.00186082458258312,1e-15,9.99900009999e-05,0.000561587676848754,"SORBI_3009G199001;SORBI_3009G199200;SORBI_3009G199100"
"PWY-2161B-PMN","folate polyglutamylation II",5,0.00126005448870575,1.49971391359249e-07,3.38512324216925e-07,0.00309945020180135,1e-15,9.99900009999e-05,0.000561587676848754,"SORBI_3001G535500;SORBI_3001G201900;SORBI_3009G199001;SORBI_3009G199200;SORBI_3009G199100"
"PWY-2681","<i>trans</i>-zeatin biosynthesis",21,4.06290692421262e-06,1.15907791827646e-09,0.00109112977837323,4.69138951942723e-06,1e-15,9.99900009999e-05,0.000561587676848754,"SORBI_3003G162200;SORBI_3003G261700;SORBI_3009G223100;SORBI_3001G042901;SORBI_3006G059900;SORBI_3002G076700;SORBI_3003G202200;SORBI_3003G273700;SORBI_3009G254900;SORBI_3009G214600;SORBI_3004G221100;SORBI_3001G127700;SORBI_3001G374200;SORBI_3001G004500;SORBI_3001G217700;SORBI_3006G149300;SORBI_3002G286400;SORBI_3002G102900;SORBI_3004G352000;SORBI_3007G133600;SORBI_3002G197000"
"PWY-2781","<i>cis</i>-zeatin biosynthesis",4,8.9359961854952e-07,1.94270054844668e-05,0.00589204122455184,8.93599700554685e-07,1e-15,9.99900009999e-05,0.000561587676848754,"SORBI_3010G277700;SORBI_3003G442000;SORBI_3009G223100;SORBI_3002G407800"
"PWY-3385","choline biosynthesis I",12,0.000131790215769541,2.95647771146754e-06,0.00222296531158861,0.000181976820268703,1e-15,9.99900009999e-05,0.000561587676848754,"SORBI_3003G354500;SORBI_3003G266600;SORBI_3003G266500;SORBI_3009G120400;SORBI_3009G218900;SORBI_3004G291700;SORBI_3001G219800;SORBI_3003G277700;SORBI_3003G040700;SORBI_3009G211000;SORBI_3002G053600;SORBI_3002G214400"
"PWY-3462","L-phenylalanine biosynthesis II",6,0.00092618157933238,0.0208189816495492,0.264453948990479,0.000925023269971063,1.18452589958906e-08,9.99900009999e-05,0.000561587676848754,"SORBI_3001G320700;SORBI_3006G066200;SORBI_3002G133100;SORBI_3003G306100;SORBI_3004G065500;SORBI_3007G141500"
"PWY-3781","aerobic respiration I (cytochrome c)",298,4.54557285353547e-10,1e-15,1.74233633949265e-05,4.54688399896976e-10,1e-15,9.99900009999e-05,0.000561587676848754,"SORBI_3002G149000;SORBI_3002G028700;SORBI_3002G185100;SORBI_3001G206700;SORBI_3001G072000;SORBI_3007G023400;SORBI_3010G015200;SORBI_3010G031000;SORBI_3010G032300;SORBI_3010G085000;SORBI_3010G091500;SORBI_3010G134600;SORBI_3010G189200;SORBI_3010G088200;SORBI_3010G138700;SORBI_3010G258600;SORBI_3010G011800;SORBI_3010G115400;SORBI_3010G197400;SORBI_3010G255800;SORBI_3010G067000;SORBI_3010G190900;SORBI_3010G232700;SORBI_3010G092801;SORBI_3010G028700;SORBI_3010G097700;SORBI_3010G181000;SORBI_3010G032600;SORBI_3010G256000;SORBI_3010G066900;SORBI_3010G153600;SORBI_3010G227000;SORBI_3010G244400;SORBI_3010G250500;SORBI_3010G015700;SORBI_3003G420000;SORBI_3003G350000;SORBI_3003G183900;SORBI_3003G142400;SORBI_3003G306800;SORBI_3003G336400;SORBI_3003G399900;SORBI_3003G356100;SORBI_3003G433600;SORBI_3003G109000;SORBI_3003G128000;SORBI_3003G236150;SORBI_3003G337200;SORBI_3003G119100;SORBI_3003G182501;SORBI_3003G276800;SORBI_3003G299200;SORBI_3003G325900;SORBI_3003G333200;SORBI_3003G419800;SORBI_3003G289500;SORBI_3003G030100;SORBI_3003G203100;SORBI_3003G137300;SORBI_3003G239000;SORBI_3003G399100;SORBI_3003G277100;SORBI_3003G334200;SORBI_3003G398900;SORBI_3003G202700;SORBI_3003G223000;SORBI_3003G237100;SORBI_3003G047400;SORBI_3003G014700;SORBI_3003G218400;SORBI_3003G377200;SORBI_3003G380100;SORBI_3009G013800;SORBI_3009G042500;SORBI_3009G079400;SORBI_3009G241200;SORBI_3009G134400;SORBI_3009G155400;SORBI_3009G210800;SORBI_3009G136200;SORBI_3009G140400;SORBI_3009G054200;SORBI_3009G116400;SORBI_3009G205000;SORBI_3009G245600;SORBI_3009G211100;SORBI_3009G238700;SORBI_3009G250700;SORBI_3009G251600;SORBI_3009G254200;SORBI_3005G008400;SORBI_3005G017100;SORBI_3005G081000;SORBI_3005G212201;SORBI_3005G020000;SORBI_3005G110550;SORBI_3005G110400;SORBI_3005G210700;SORBI_3005G168300;SORBI_3005G044900;SORBI_3008G088812;SORBI_3008G099900;SORBI_3008G009000;SORBI_3008G009500;SORBI_3008G066900;SORBI_3008G028400;SORBI_3008G047100;SORBI_3008G163400;SORBI_3008G179000;SORBI_3008G147400;SORBI_3008G170600;SORBI_3008G149200;SORBI_3008G041000;SORBI_3008G100400;SORBI_3008G082800;SORBI_3008G009300;SORBI_3008G072300;SORBI_3004G025100;SORBI_3008G031200;SORBI_3004G053100;SORBI_3004G312000;SORBI_3004G141600;SORBI_3004G303466;SORBI_3004G291100;SORBI_3004G272600;SORBI_3004G290400;SORBI_3004G027700;SORBI_3004G199400;SORBI_3004G217900;SORBI_3004G346200;SORBI_3004G174800;SORBI_3004G241000;SORBI_3004G266300;SORBI_3004G051600;SORBI_3004G164100;SORBI_3004G356600;SORBI_3004G250100;SORBI_3004G282000;SORBI_3004G255300;SORBI_3004G176500;SORBI_3007G179600;SORBI_3007G182600;SORBI_3007G201400;SORBI_3007G069101;SORBI_3007G216401;SORBI_3007G226400;SORBI_3007G006800;SORBI_3007G137800;SORBI_3007G015300;SORBI_3007G091500;SORBI_3007G030000;SORBI_3001G312700;SORBI_3007G033900;SORBI_3007G208400;SORBI_3001G509600;SORBI_3001G001200;SORBI_3001G219700;SORBI_3001G094600;SORBI_3001G016300;SORBI_3001G052100;SORBI_3001G256400;SORBI_3001G520700;SORBI_3001G025800;SORBI_3001G058400;SORBI_3001G212200;SORBI_3001G423200;SORBI_3001G003900;SORBI_3001G332700;SORBI_3001G016100;SORBI_3001G161100;SORBI_3001G010000;SORBI_3001G444200;SORBI_3001G412200;SORBI_3001G149100;SORBI_3001G513000;SORBI_3001G151300;SORBI_3001G292800;SORBI_3001G399800;SORBI_3001G436600;SORBI_3001G440300;SORBI_3001G009400;SORBI_3001G392100;SORBI_3001G478900;SORBI_3001G117600;SORBI_3001G282300;SORBI_3001G069300;SORBI_3001G491500;SORBI_3001G033600;SORBI_3001G347100;SORBI_3001G509700;SORBI_3001G072900;SORBI_3001G490700;SORBI_3006G262800;SORBI_3006G149500;SORBI_3006G153300;SORBI_3006G266000;SORBI_3006G073600;SORBI_3006G109400;SORBI_3006G146400;SORBI_3006G192600;SORBI_3006G122100;SORBI_3006G146900;SORBI_3006G272300;SORBI_3006G085900;SORBI_3006G114300;SORBI_3006G061000;SORBI_3006G204600;SORBI_3006G275900;SORBI_3006G085800;SORBI_3006G089900;SORBI_3006G069100;SORBI_3006G128600;SORBI_3006G273900;SORBI_3002G235600;SORBI_3002G098600;SORBI_3002G120200;SORBI_3002G358900;SORBI_3002G111700;SORBI_3002G172500;SORBI_3002G251800;SORBI_3002G385200;SORBI_3002G240900;SORBI_3002G389200;SORBI_3002G042900;SORBI_3002G384800;SORBI_3002G198801;SORBI_3002G034400;SORBI_3002G198100;SORBI_3002G292300;SORBI_3002G084400;SORBI_3002G403500;SORBI_3002G007000;SORBI_3002G167400;SORBI_3002G267600;SORBI_3002G411700;SORBI_3002G110400;SORBI_3002G200500;SORBI_3002G048200;SORBI_3002G065200;SORBI_3002G390200;SORBI_3010G201266;SORBI_3010G098800;SORBI_3003G170300;SORBI_3003G172966;SORBI_3003G296800;SORBI_3003G429200;SORBI_3003G173032;SORBI_3003G168300;SORBI_3003G416200;SORBI_3003G322300;SORBI_3003G429300;SORBI_3003G135600;SORBI_3003G286200;SORBI_3003G429000;SORBI_3003G279200;SORBI_3003G173200;SORBI_3009G176000;SORBI_3009G209400;SORBI_3009G095720;SORBI_3009G191400;SORBI_3005G031000;SORBI_3004G166400;SORBI_3004G344800;SORBI_3004G249200;SORBI_3004G155100;SORBI_3007G211500;SORBI_3007G172300;SORBI_3007G134900;SORBI_3007G168400;SORBI_3007G133500;SORBI_3001G286200;SORBI_3001G164350;SORBI_3001G282500;SORBI_3001G473400;SORBI_3001G519000;SORBI_3001G073600;SORBI_3001G134200;SORBI_3001G115700;SORBI_3001G230050;SORBI_3001G251750;SORBI_3001G392800;SORBI_3002G149550;SORBI_3002G254500;SORBI_3002G396700;SORBI_3002G246200;SORBI_3002G308300;SORBI_3002G356400;SORBI_3002G395000;SORBI_3003G274800;SORBI_3003G168600;SORBI_3004G342100;SORBI_3007G171500;SORBI_3001G458800;SORBI_3002G342600;SORBI_3006G058900;SORBI_3004G159000;SORBI_3003G440600;SORBI_3003G034900"
"PWY-3981","&beta;-alanine biosynthesis I",10,0.0206880702702309,0.000273545401098994,0.00688850898405391,0.0327772621791675,1.26051195370458e-07,9.99900009999e-05,0.000561587676848754,"SORBI_3002G318100;SORBI_3002G215700;SORBI_3006G163300;SORBI_3004G250900;SORBI_3004G300800;SORBI_3008G057500;SORBI_3005G064800;SORBI_3003G203500;SORBI_3010G178300;SORBI_3010G113000"
"PWY-5046","2-oxoisovalerate decarboxylation to isobutanoyl-CoA",9,0.00144449378213818,0.123319363960242,0.805752398608845,0.00143305644191818,7.06182703869018e-07,9.99900009999e-05,0.000561587676848754,"SORBI_3005G044600;SORBI_3009G052200;SORBI_3009G054600;SORBI_3003G155300;SORBI_3003G152900;SORBI_3003G148800;SORBI_3008G062200;SORBI_3002G392800;SORBI_3002G046800"
"PWY-5080","very long chain fatty acid biosynthesis I",65,7.53406372179792e-07,1.40101131141783e-06,0.00802084982678634,8.68464628686154e-07,1e-15,9.99900009999e-05,0.000561587676848754,"SORBI_3003G071100;SORBI_3003G071300;SORBI_3003G071400;SORBI_3009G164400;SORBI_3002G096300;SORBI_3002G284200;SORBI_3002G284400;SORBI_3006G016500;SORBI_3010G081900;SORBI_3003G071600;SORBI_3010G124500;SORBI_3010G124600;SORBI_3010G124300;SORBI_3010G124900;SORBI_3010G018600;SORBI_3003G070600;SORBI_3005G063000;SORBI_3004G203900;SORBI_3001G532501;SORBI_3001G307600;SORBI_3001G370000;SORBI_3001G307300;SORBI_3001G510200;SORBI_3001G307400;SORBI_3006G125800;SORBI_3006G125600;SORBI_3002G137300;SORBI_3010G108301;SORBI_3010G108100;SORBI_3010G107200;SORBI_3010G108600;SORBI_3010G181500;SORBI_3010G108200;SORBI_3010G107400;SORBI_3010G108001;SORBI_3010G273200;SORBI_3003G178500;SORBI_3003G178700;SORBI_3009G236100;SORBI_3009G241000;SORBI_3005G193600;SORBI_3005G168700;SORBI_3008G188400;SORBI_3004G249400;SORBI_3004G086800;SORBI_3004G341300;SORBI_3007G127600;SORBI_3007G076100;SORBI_3001G124500;SORBI_3001G247700;SORBI_3001G438100;SORBI_3001G482300;SORBI_3001G264500;SORBI_3001G354700;SORBI_3001G093000;SORBI_3001G495500;SORBI_3001G221900;SORBI_3001G453200;SORBI_3006G166900;SORBI_3006G020500;SORBI_3006G020600;SORBI_3006G211000;SORBI_3002G179700;SORBI_3002G268500;SORBI_3002G268300"
"PWY-5097","L-lysine biosynthesis VI",15,0.000801378701438171,4.27972084213933e-06,0.00191910465422269,0.000928202697883805,1e-15,9.99900009999e-05,0.000561587676848754,"SORBI_3007G171200;SORBI_3001G438600;SORBI_3001G531800;SORBI_3008G038600;SORBI_3008G133600;SORBI_3008G133500;SORBI_3001G401700;SORBI_3001G471100;SORBI_3010G216300;SORBI_3006G186600;SORBI_3001G081900;SORBI_3003G412100;SORBI_3001G011700;SORBI_3002G111800;SORBI_3002G155100"
"PWY-5120","geranylgeranyl diphosphate biosynthesis",6,2.84945744983864e-06,1.2641763219263e-10,8.96007766394241e-09,3.78917401755292e-06,1e-15,9.99900009999e-05,0.000561587676848754,"SORBI_3003G270500;SORBI_3003G111500;SORBI_3009G216800;SORBI_3004G287300;SORBI_3002G353300;SORBI_3009G246400"
"PWY-5121","superpathway of geranylgeranyl diphosphate biosynthesis II (via MEP)",6,2.84945744983864e-06,1.26417632192629e-10,8.96007766394241e-09,3.78917401755292e-06,1e-15,9.99900009999e-05,0.000561587676848754,"SORBI_3003G270500;SORBI_3003G111500;SORBI_3009G216800;SORBI_3009G246400;SORBI_3004G287300;SORBI_3002G353300"
"PWY-5123","<i>trans, trans</i>-farnesyl diphosphate biosynthesis",7,1.34044255187837e-05,6.50152942907308e-06,5.41517257195967e-06,1.3406322972434e-05,1e-15,9.99900009999e-05,0.000561587676848754,"SORBI_3009G137700;SORBI_3004G327500;SORBI_3002G330500;SORBI_3003G270500;SORBI_3009G216800;SORBI_3006G248000;SORBI_3002G353300"
"PWY-5147","oleate biosynthesis I (plants)",42,0.0366100516436973,8.96637647630728e-05,0.000401717657636614,0.0685440588651124,1.06209561478998e-06,9.99900009999e-05,0.000561587676848754,"SORBI_3006G272600;SORBI_3006G247200;SORBI_3006G247300;SORBI_3006G079500;SORBI_3008G051300;SORBI_3008G010800;SORBI_3005G054900;SORBI_3005G020300;SORBI_3005G033100;SORBI_3005G156100;SORBI_3009G031400;SORBI_3003G242000;SORBI_3003G303900;SORBI_3003G004900;SORBI_3003G258200;SORBI_3010G045500;SORBI_3010G045400;SORBI_3010G214900;SORBI_3010G180400;SORBI_3010G033300;SORBI_3004G088100;SORBI_3002G111500;SORBI_3002G256900;SORBI_3002G256800;SORBI_3006G171900;SORBI_3006G259300;SORBI_3004G293900;SORBI_3004G294000;SORBI_3004G293800;SORBI_3008G029200;SORBI_3003G337500;SORBI_3010G235300;SORBI_3003G377100;SORBI_3003G404000;SORBI_3004G157550;SORBI_3004G153300;SORBI_3007G071600;SORBI_3001G280700;SORBI_3001G265300;SORBI_3001G334501;SORBI_3006G048700;SORBI_3002G258500"
"PWY-5398","crocetin esters biosynthesis",8,0.00126076866263031,0.0648063923733342,0.057322534008707,0.00125834670124527,2.45142985133562e-07,9.99900009999e-05,0.000561587676848754,"SORBI_3010G178900;SORBI_3010G179500;SORBI_3010G179150;SORBI_3010G179000;SORBI_3003G042900;SORBI_3009G066100;SORBI_3008G011700;SORBI_3001G223400"
"PWY-5486","pyruvate fermentation to ethanol II",15,2.15039187159226e-08,3.89503206157686e-11,0.000406412212532256,3.51644994229471e-08,1e-15,9.99900009999e-05,0.000561587676848754,"SORBI_3002G429000;SORBI_3001G405500;SORBI_3009G169000;SORBI_3003G061300;SORBI_3002G379200;SORBI_3002G379100;SORBI_3001G264000;SORBI_3001G475800;SORBI_3001G097600;SORBI_3001G475900;SORBI_3001G263900;SORBI_3004G226500;SORBI_3004G343200;SORBI_3005G103300;SORBI_3005G103500"
"PWY-5667","CDP-diacylglycerol biosynthesis I",29,0.0127031835717473,0.000163509062546052,0.000928542828102273,0.0170056447307324,1.12660647033636e-07,9.99900009999e-05,0.000561587676848754,"SORBI_3003G142500;SORBI_3003G229700;SORBI_3003G360700;SORBI_3003G114200;SORBI_3009G157000;SORBI_3009G162000;SORBI_3009G202600;SORBI_3005G214400;SORBI_3008G130800;SORBI_3001G099300;SORBI_3001G250200;SORBI_3001G283700;SORBI_3001G026100;SORBI_3001G493300;SORBI_3006G041266;SORBI_3002G325300;SORBI_3003G317500;SORBI_3009G188900;SORBI_3009G015800;SORBI_3005G197100;SORBI_3008G112100;SORBI_3001G206000;SORBI_3006G221500;SORBI_3002G267500;SORBI_3003G073800;SORBI_3003G301900;SORBI_3005G149300;SORBI_3004G025400;SORBI_3002G167100"
"PWY-5669","phosphatidylserine and phosphatidylethanolamine biosynthesis I",3,9.83284928891904e-12,5.29775562209498e-10,0.000197842932440965,9.83279999996778e-12,1e-15,9.99900009999e-05,0.000561587676848754,"SORBI_3003G433750;SORBI_3003G095800;SORBI_3009G225100"
"PWY-5687","pyrimidine ribonucleotides interconversion",33,8.89555214394578e-08,9.3749909478484e-12,8.70244804816859e-06,1.0315799484045e-07,1e-15,9.99900009999e-05,0.000561587676848754,"SORBI_3010G007500;SORBI_3004G318100;SORBI_3007G223100;SORBI_3006G003300;SORBI_3003G439600;SORBI_3006G065800;SORBI_3002G420600;SORBI_3001G356200;SORBI_3001G518200;SORBI_3001G385000;SORBI_3007G137900;SORBI_3008G022100;SORBI_3008G021900;SORBI_3005G085901;SORBI_3005G018300;SORBI_3005G099500;SORBI_3005G086000;SORBI_3005G018200;SORBI_3009G166600;SORBI_3009G211900;SORBI_3005G131500;SORBI_3002G306900;SORBI_3001G295200;SORBI_3004G184500;SORBI_3008G091400;SORBI_3008G123600;SORBI_3009G259200;SORBI_3008G127100;SORBI_3009G239301;SORBI_3009G239500;SORBI_3003G017300;SORBI_3003G241000;SORBI_3003G221200"
"PWY-5690","TCA cycle II (plants and fungi)",29,5.40361074181223e-06,0.000152324408012927,0.0103932838971265,5.40384590264984e-06,3.38262751142793e-12,9.99900009999e-05,0.000561587676848754,"SORBI_3010G031000;SORBI_3010G015200;SORBI_3007G023400;SORBI_3001G072000;SORBI_3001G206700;SORBI_3002G185100;SORBI_3002G028700;SORBI_3002G149000;SORBI_3003G238500;SORBI_3009G240700;SORBI_3008G186200;SORBI_3007G137600;SORBI_3001G073900;SORBI_3001G219300;SORBI_3006G170800;SORBI_3002G385700;SORBI_3002G309400;SORBI_3003G129900;SORBI_3004G202100;SORBI_3006G120900;SORBI_3007G068100;SORBI_3001G512800;SORBI_3006G000100;SORBI_3002G316900;SORBI_3004G101900;SORBI_3004G078000;SORBI_3004G218600;SORBI_3002G352200;SORBI_3001G378800"
"PWY-5800","xylan biosynthesis",27,1.31298559782971e-11,0.000147171411118383,0.184184622147629,1.3129829999917e-11,1e-15,9.99900009999e-05,0.000561587676848754,"SORBI_3010G238800;SORBI_3010G136250;SORBI_3010G008600;SORBI_3010G146000;SORBI_3003G129400;SORBI_3003G254700;SORBI_3003G063400;SORBI_3009G026101;SORBI_3009G229300;SORBI_3008G125700;SORBI_3007G050600;SORBI_3007G100800;SORBI_3001G409100;SORBI_3001G242000;SORBI_3001G283400;SORBI_3006G002600;SORBI_3006G242100;SORBI_3002G334400;SORBI_3002G334100;SORBI_3002G334200;SORBI_3002G333900;SORBI_3002G334000;SORBI_3002G334500;SORBI_3002G430700;SORBI_3002G333800;SORBI_3002G171200;SORBI_3002G334300"
"PWY-5805","nonaprenyl diphosphate biosynthesis I",4,2.52613433154668e-06,0.000157794254552206,0.00622696076017925,2.52611760702016e-06,1e-15,9.99900009999e-05,0.000561587676848754,"SORBI_3010G229400;SORBI_3009G246400;SORBI_3008G088821;SORBI_3007G070000"
"PWY-5807","heptaprenyl diphosphate biosynthesis",5,3.15756801163881e-06,4.89637959168732e-06,0.000124610320208601,3.15764601170111e-06,1e-15,9.99900009999e-05,0.000561587676848754,"SORBI_3003G361900;SORBI_3009G246400;SORBI_3002G123500;SORBI_3002G130000;SORBI_3002G298400"
"PWY-5863","superpathway of phylloquinol biosynthesis",8,3.79924145467337e-06,1.67865585971023e-10,1.11907404398705e-08,5.05222883277016e-06,1e-15,9.99900009999e-05,0.000561587676848754,"SORBI_3003G270500;SORBI_3003G111500;SORBI_3009G216800;SORBI_3009G246400;SORBI_3004G287300;SORBI_3002G353300;SORBI_3003G122100;SORBI_3004G238500"
"PWY-5864","superpathway of plastoquinol biosynthesis",6,3.78914380092552e-06,9.07660738625135e-05,0.00338916365322929,3.78917401755292e-06,1e-15,9.99900009999e-05,0.000561587676848754,"SORBI_3003G045600;SORBI_3005G200300;SORBI_3010G229400;SORBI_3009G246400;SORBI_3008G088821;SORBI_3007G070000"
"PWY-5910","superpathway of geranylgeranyldiphosphate biosynthesis I (via mevalonate)",6,2.84945744983864e-06,1.26417632192629e-10,8.96007766394241e-09,3.78917401755292e-06,1e-15,9.99900009999e-05,0.000561587676848754,"SORBI_3003G270500;SORBI_3003G111500;SORBI_3009G216800;SORBI_3009G246400;SORBI_3004G287300;SORBI_3002G353300"
"PWY-5921","glutaminyl-tRNA<sup>gln</sup> biosynthesis via transamidation",34,3.52115603714335e-11,1e-15,3.43597386279413e-06,3.5223999999398e-11,1e-15,9.99900009999e-05,0.000561587676848754,"SORBI_3005G143500;SORBI_3005G139300;SORBI_3006G237100;SORBI_3002G301600;SORBI_3002G301700;SORBI_3003G221200;SORBI_3003G241000;SORBI_3003G017300;SORBI_3009G239500;SORBI_3009G239301;SORBI_3008G127100;SORBI_3003G193700;SORBI_3004G265900;SORBI_3007G104300;SORBI_3010G060800;SORBI_3003G258800;SORBI_3009G225700;SORBI_3005G150250;SORBI_3004G209300;SORBI_3007G174600;SORBI_3010G110000;SORBI_3005G003200;SORBI_3008G139800;SORBI_3001G406800;SORBI_3001G432300;SORBI_3006G278500;SORBI_3001G265500;SORBI_3001G151700;SORBI_3006G028000;SORBI_3006G027900;SORBI_3002G301500;SORBI_3004G028500;SORBI_3002G005600;SORBI_3002G402700"
"PWY-5968","cinnamate esters biosynthesis",7,1.40017540527563e-07,2.02693709673373e-07,0.00143780625042579,1.4002099159748e-07,1e-15,9.99900009999e-05,0.000561587676848754,"SORBI_3003G233100;SORBI_3003G233000;SORBI_3003G232900;SORBI_3009G224100;SORBI_3001G459700;SORBI_3001G093100;SORBI_3002G366500"
"PWY-5980","xylogalacturonan biosynthesis",23,0.000227976381309164,7.27721363659023e-06,0.033935471294367,0.000359428199646088,1e-15,9.99900009999e-05,0.000561587676848754,"SORBI_3010G059400;SORBI_3003G405600;SORBI_3003G234701;SORBI_3003G360300;SORBI_3003G331000;SORBI_3003G410800;SORBI_3003G410600;SORBI_3003G102700;SORBI_3003G410700;SORBI_3009G220200;SORBI_3009G220100;SORBI_3009G162700;SORBI_3008G021000;SORBI_3004G159100;SORBI_3004G213500;SORBI_3004G070100;SORBI_3007G139300;SORBI_3001G387300;SORBI_3001G538700;SORBI_3006G059000;SORBI_3006G260900;SORBI_3002G062100;SORBI_3002G342300"
"PWY-6066","IAA biosynthesis VII",3,1.33871901974932e-08,3.39028397178102e-09,1.16553590237039e-05,1.3387199940261e-08,1e-15,9.99900009999e-05,0.000561587676848754,"SORBI_3002G415900;SORBI_3009G219500;SORBI_3002G111200"
"PWY-6147","6-hydroxymethyl-dihydropterin diphosphate biosynthesis I",5,0.0120774804475541,0.00366104466895421,0.0179711607118877,0.0218853574804266,5.2731021649155e-07,9.99900009999e-05,0.000561587676848754,"SORBI_3006G254100;SORBI_3007G172600;SORBI_3002G296500;SORBI_3003G146800;SORBI_3002G376200"
"PWY-622","starch biosynthesis",22,4.52748409011701e-07,1.55156705561061e-06,0.00603564902270198,4.52759902163105e-07,1e-15,9.99900009999e-05,0.000561587676848754,"SORBI_3002G125800;SORBI_3002G155900;SORBI_3001G116500;SORBI_3003G222500;SORBI_3001G071800;SORBI_3002G230600;SORBI_3010G093400;SORBI_3010G047700;SORBI_3009G209300;SORBI_3008G098032;SORBI_3004G238600;SORBI_3004G338100;SORBI_3007G068200;SORBI_3001G239500;SORBI_3006G221000;SORBI_3003G230500;SORBI_3009G245000;SORBI_3007G101500;SORBI_3001G100000;SORBI_3001G376266;SORBI_3002G088600;SORBI_3002G160400"
"PWY-6233","jasmonoyl-amino acid conjugates biosynthesis II",5,1.97630097866465e-07,3.56628087780005e-05,0.0180240134253018,1.97629984376954e-07,1e-15,9.99900009999e-05,0.000561587676848754,"SORBI_3003G224100;SORBI_3003G015000;SORBI_3003G015100;SORBI_3009G249900;SORBI_3005G108300"
"PWY-6333","acetaldehyde biosynthesis I",11,1.57695402853114e-08,7.6597500851135e-13,4.88181761138996e-05,2.57872996977342e-08,1e-15,9.99900009999e-05,0.000561587676848754,"SORBI_3002G379200;SORBI_3002G379100;SORBI_3001G264000;SORBI_3001G475800;SORBI_3001G097600;SORBI_3001G475900;SORBI_3001G263900;SORBI_3004G226500;SORBI_3004G343200;SORBI_3005G103300;SORBI_3005G103500"
"PWY-6348","phosphate acquisition",33,3.26375770048344e-05,0.00542421776814435,0.574842780070299,3.27744191827065e-05,1e-15,9.99900009999e-05,0.000561587676848754,"SORBI_3010G168200;SORBI_3010G029300;SORBI_3010G249300;SORBI_3010G205200;SORBI_3003G314400;SORBI_3003G279300;SORBI_3009G070800;SORBI_3009G071000;SORBI_3009G071300;SORBI_3009G130700;SORBI_3009G071100;SORBI_3009G250300;SORBI_3009G070700;SORBI_3009G070600;SORBI_3005G037850;SORBI_3005G107700;SORBI_3005G147800;SORBI_3005G146300;SORBI_3008G189500;SORBI_3008G037000;SORBI_3008G113000;SORBI_3008G036300;SORBI_3004G097300;SORBI_3007G179266;SORBI_3007G171400;SORBI_3001G442200;SORBI_3001G382900;SORBI_3001G442300;SORBI_3001G186800;SORBI_3001G442100;SORBI_3001G442000;SORBI_3006G068100;SORBI_3002G419500"
"PWY-6363","D-<i>myo</i>-inositol (1,4,5)-trisphosphate degradation",7,0.00203825988724781,0.0120244843323781,0.218677377830799,0.00203578158404189,9.34713216715899e-07,9.99900009999e-05,0.000561587676848754,"SORBI_3009G211400;SORBI_3009G211600;SORBI_3004G023000;SORBI_3004G355000;SORBI_3007G198300;SORBI_3002G254700;SORBI_3009G048900"
"PWY-6540","costunolide biosynthesis",5,0.00181349079117508,0.000579042480386137,0.0181614127036208,0.00189890601686997,2.30793162359078e-12,9.99900009999e-05,0.000561587676848754,"SORBI_3009G172800;SORBI_3009G196700;SORBI_3005G211400;SORBI_3006G121800;SORBI_3009G064400"
"PWY-6549","L-glutamine biosynthesis III",26,8.04177622282249e-07,0.00112420993002952,0.173168943211211,8.04179689083986e-07,1.11022302462516e-15,9.99900009999e-05,0.000561587676848754,"SORBI_3006G141600;SORBI_3009G238900;SORBI_3003G241500;SORBI_3007G068100;SORBI_3001G512800;SORBI_3006G000100;SORBI_3002G316900;SORBI_3004G247000;SORBI_3001G231000;SORBI_3001G116400;SORBI_3001G451500;SORBI_3006G249400;SORBI_3002G402700;SORBI_3003G129900;SORBI_3004G202100;SORBI_3006G120900;SORBI_3004G101900;SORBI_3004G078000;SORBI_3010G160700;SORBI_3003G100600;SORBI_3003G301800;SORBI_3004G106900;SORBI_3007G106500;SORBI_3002G167000;SORBI_3009G132900;SORBI_3001G326900"
"PWY-6554","1D-<i>myo</i>-inositol hexakisphosphate biosynthesis V (from Ins(1,3,4)P3)",8,0.0408422289571971,0.00187655509092879,0.0324573076026095,0.0879160509882874,9.54909721850861e-06,9.99900009999e-05,0.000561587676848754,"SORBI_3004G160800;SORBI_3004G141100;SORBI_3001G106900;SORBI_3001G278700;SORBI_3001G286100;SORBI_3001G447200;SORBI_3002G266300;SORBI_3006G251500"
"PWY-6665","pterostilbene biosynthesis",28,0.00117596268729039,7.07782033148638e-09,2.99862102666163e-05,0.00137019799156674,1e-15,9.99900009999e-05,0.000561587676848754,"SORBI_3010G230800;SORBI_3010G231000;SORBI_3010G234500;SORBI_3010G234400;SORBI_3003G298500;SORBI_3009G197600;SORBI_3009G197800;SORBI_3009G043900;SORBI_3009G197400;SORBI_3009G197000;SORBI_3009G197100;SORBI_3009G198000;SORBI_3005G129100;SORBI_3005G110451;SORBI_3005G045600;SORBI_3005G086600;SORBI_3008G013900;SORBI_3004G341600;SORBI_3004G128400;SORBI_3004G341500;SORBI_3007G074800;SORBI_3001G354400;SORBI_3001G246700;SORBI_3001G354200;SORBI_3001G246650;SORBI_3006G008000;SORBI_3006G007850;SORBI_3006G007900"
"PWY-6803","phosphatidylcholine acyl editing",99,1.947217199189e-06,0.00113506912236947,0.202744624178615,3.09047827269999e-06,1e-15,9.99900009999e-05,0.000561587676848754,"SORBI_3003G414500;SORBI_3004G283600;SORBI_3006G257300;SORBI_3010G159700;SORBI_3010G159900;SORBI_3010G160000;SORBI_3010G047800;SORBI_3003G370500;SORBI_3003G390900;SORBI_3010G160033;SORBI_3003G370600;SORBI_3003G432600;SORBI_3003G239200;SORBI_3003G038000;SORBI_3003G239500;SORBI_3003G274700;SORBI_3003G239100;SORBI_3003G418700;SORBI_3003G391000;SORBI_3009G135100;SORBI_3009G240600;SORBI_3009G125300;SORBI_3009G240500;SORBI_3009G117500;SORBI_3009G014600;SORBI_3009G149700;SORBI_3005G203800;SORBI_3005G111400;SORBI_3005G032700;SORBI_3008G170100;SORBI_3004G297600;SORBI_3004G300100;SORBI_3007G187000;SORBI_3007G011300;SORBI_3007G036900;SORBI_3001G373200;SORBI_3001G365100;SORBI_3001G295700;SORBI_3006G214500;SORBI_3002G320900;SORBI_3002G409500;SORBI_3002G262300;SORBI_3002G177200;SORBI_3002G213300;SORBI_3010G214900;SORBI_3010G045400;SORBI_3010G045500;SORBI_3003G258200;SORBI_3003G004900;SORBI_3003G303900;SORBI_3003G242000;SORBI_3009G031400;SORBI_3005G156100;SORBI_3005G033100;SORBI_3005G020300;SORBI_3005G054900;SORBI_3008G010800;SORBI_3008G051300;SORBI_3006G079500;SORBI_3006G247300;SORBI_3006G247200;SORBI_3006G272600;SORBI_3010G228100;SORBI_3003G029000;SORBI_3003G029200;SORBI_3003G389400;SORBI_3003G074600;SORBI_3003G074500;SORBI_3005G186400;SORBI_3005G186100;SORBI_3005G159400;SORBI_3005G186200;SORBI_3005G219100;SORBI_3005G219000;SORBI_3005G145100;SORBI_3008G135401;SORBI_3008G166050;SORBI_3004G357800;SORBI_3007G158700;SORBI_3007G158500;SORBI_3007G158600;SORBI_3007G158800;SORBI_3001G157700;SORBI_3001G433900;SORBI_3001G103800;SORBI_3001G279800;SORBI_3001G288200;SORBI_3001G448800;SORBI_3001G348600;SORBI_3001G067500;SORBI_3001G429900;SORBI_3001G120400;SORBI_3001G158200;SORBI_3001G157900;SORBI_3006G276100;SORBI_3002G401900;SORBI_3002G228700;SORBI_3002G031800;SORBI_3002G377600"
"PWY-6949","DIBOA-glucoside biosynthesis",39,1.23775002374788e-10,9.85094764945405e-10,0.00056865407221651,1.23774299992536e-10,1e-15,9.99900009999e-05,0.000561587676848754,"SORBI_3010G249800;SORBI_3009G230400;SORBI_3001G030600;SORBI_3001G030500;SORBI_3001G030900;SORBI_3002G085200;SORBI_3002G085300;SORBI_3002G085700;SORBI_3002G085800;SORBI_3002G085100;SORBI_3002G088000;SORBI_3001G056400;SORBI_3001G056500;SORBI_3010G198000;SORBI_3007G032000;SORBI_3001G056601;SORBI_3002G054700;SORBI_3003G089600;SORBI_3007G034900;SORBI_3007G003900;SORBI_3007G003250;SORBI_3007G003600;SORBI_3007G003500;SORBI_3007G003700;SORBI_3007G003300;SORBI_3006G136500;SORBI_3010G230900;SORBI_3005G127000;SORBI_3005G206100;SORBI_3004G108800;SORBI_3007G092900;SORBI_3007G003400;SORBI_3007G093000;SORBI_3007G133766;SORBI_3001G369500;SORBI_3001G349900;SORBI_3006G044100;SORBI_3006G022900;SORBI_3006G043800"
"PWY-6963","ammonia assimilation cycle I",11,1.13963537779069e-11,4.31565256716153e-12,0.000143127215094827,1.1395999999941e-11,1e-15,9.99900009999e-05,0.000561587676848754,"SORBI_3004G247000;SORBI_3001G231000;SORBI_3001G116400;SORBI_3001G451500;SORBI_3006G249400;SORBI_3010G060800;SORBI_3003G258800;SORBI_3009G225700;SORBI_3005G150250;SORBI_3004G209300;SORBI_3007G174600"
"PWY-7039","phosphatidate metabolism, as a signaling molecule",39,9.56469898526839e-07,7.07809261148197e-05,0.0323224574991635,9.56474554306697e-07,1.9328982858724e-13,9.99900009999e-05,0.000561587676848754,"SORBI_3009G027800;SORBI_3005G018900;SORBI_3005G002000;SORBI_3008G090600;SORBI_3008G002000;SORBI_3001G408001;SORBI_3002G430500;SORBI_3010G209900;SORBI_3010G185600;SORBI_3003G147000;SORBI_3003G050400;SORBI_3009G109925;SORBI_3009G062600;SORBI_3009G110000;SORBI_3005G222500;SORBI_3008G183400;SORBI_3004G016900;SORBI_3001G529800;SORBI_3001G349800;SORBI_3001G320200;SORBI_3002G098900;SORBI_3002G282500;SORBI_3002G204500;SORBI_3010G190300;SORBI_3003G265100;SORBI_3003G078700;SORBI_3009G221500;SORBI_3007G108500;SORBI_3002G165140;SORBI_3003G318700;SORBI_3008G140400;SORBI_3008G077600;SORBI_3004G324100;SORBI_3007G091400;SORBI_3007G062000;SORBI_3001G524300;SORBI_3001G333900;SORBI_3006G230400;SORBI_3002G250700"
"PWY-7176","UTP and CTP <i>de novo</i> biosynthesis",12,3.2347591545114e-08,9.63372185337355e-13,7.17922838852226e-08,3.75119993550562e-08,1e-15,9.99900009999e-05,0.000561587676848754,"SORBI_3008G127100;SORBI_3009G239301;SORBI_3009G239500;SORBI_3003G017300;SORBI_3003G241000;SORBI_3003G221200;SORBI_3010G007500;SORBI_3003G439600;SORBI_3004G318100;SORBI_3007G223100;SORBI_3006G003300;SORBI_3006G065800"
"PWY-7185","UTP and CTP dephosphorylation I",26,7.00864753772645e-08,1.11366322311235e-08,0.00369531289315138,8.12759968241405e-08,1e-15,9.99900009999e-05,0.000561587676848754,"SORBI_3002G420600;SORBI_3001G356200;SORBI_3001G385000;SORBI_3007G137900;SORBI_3008G022100;SORBI_3008G021900;SORBI_3005G085901;SORBI_3005G018300;SORBI_3005G099500;SORBI_3005G086000;SORBI_3005G018200;SORBI_3009G166600;SORBI_3002G072300;SORBI_3002G206800;SORBI_3001G153300;SORBI_3001G073500;SORBI_3001G125000;SORBI_3003G274200;SORBI_3003G113200;SORBI_3003G061200;SORBI_3008G127100;SORBI_3009G239301;SORBI_3009G239500;SORBI_3003G017300;SORBI_3003G241000;SORBI_3003G221200"
"PWY-7204","pyridoxal 5'-phosphate salvage II (plants)",12,0.0155384915810818,0.000428522942630493,0.0063013082206877,0.0205659579944753,5.29696021489556e-07,9.99900009999e-05,0.000561587676848754,"SORBI_3003G444200;SORBI_3004G098000;SORBI_3007G184200;SORBI_3001G125000;SORBI_3001G027300;SORBI_3001G422100;SORBI_3002G388400;SORBI_3001G193700;SORBI_3006G140700;SORBI_3002G030900;SORBI_3008G156300;SORBI_3001G532600"
"PWY-7252","luteolinidin 5-<i>O</i>-glucoside biosynthesis",31,0.00282249189175768,1.36335567344241e-08,5.79309605334906e-05,0.0042469283218217,1e-15,9.99900009999e-05,0.000561587676848754,"SORBI_3010G022700;SORBI_3010G022850;SORBI_3010G048600;SORBI_3010G245701;SORBI_3010G048500;SORBI_3003G287800;SORBI_3003G287700;SORBI_3003G288000;SORBI_3003G287600;SORBI_3003G288100;SORBI_3003G293700;SORBI_3009G205600;SORBI_3009G205800;SORBI_3009G206400;SORBI_3009G206300;SORBI_3009G205900;SORBI_3009G206000;SORBI_3009G205700;SORBI_3008G149000;SORBI_3007G100700;SORBI_3007G027301;SORBI_3001G377200;SORBI_3006G124100;SORBI_3002G311501;SORBI_3002G311400;SORBI_3002G079801;SORBI_3002G311300;SORBI_3002G311700;SORBI_3002G312000;SORBI_3002G130200;SORBI_3002G337400"
"PWY-7253","apigeninidin 5-<i>O</i>-glucoside biosynthesis",31,0.00282249189175768,1.36335567344241e-08,5.79309605334906e-05,0.0042469283218217,1e-15,9.99900009999e-05,0.000561587676848754,"SORBI_3010G022700;SORBI_3010G022850;SORBI_3010G048600;SORBI_3010G245701;SORBI_3010G048500;SORBI_3003G287800;SORBI_3003G287700;SORBI_3003G288000;SORBI_3003G287600;SORBI_3003G288100;SORBI_3003G293700;SORBI_3009G205600;SORBI_3009G205800;SORBI_3009G206400;SORBI_3009G206300;SORBI_3009G205900;SORBI_3009G206000;SORBI_3009G205700;SORBI_3008G149000;SORBI_3007G100700;SORBI_3007G027301;SORBI_3001G377200;SORBI_3006G124100;SORBI_3002G311501;SORBI_3002G311400;SORBI_3002G079801;SORBI_3002G311300;SORBI_3002G311700;SORBI_3002G312000;SORBI_3002G130200;SORBI_3002G337400"
"PWY-735","jasmonic acid biosynthesis",32,0.0188448032028093,7.29194682010973e-05,0.072476335171532,0.0333964248459242,4.19704604404103e-10,9.99900009999e-05,0.000561587676848754,"SORBI_3010G049100;SORBI_3010G001900;SORBI_3003G391600;SORBI_3004G350600;SORBI_3001G189300;SORBI_3001G516600;SORBI_3001G500800;SORBI_3001G282800;SORBI_3002G158900;SORBI_3002G171001;SORBI_3004G078600;SORBI_3007G210400;SORBI_3001G483400;SORBI_3006G095600;SORBI_3004G093200;SORBI_3001G077400;SORBI_3001G449700;SORBI_3010G084600;SORBI_3010G084100;SORBI_3010G084700;SORBI_3010G084400;SORBI_3010G084300;SORBI_3009G003600;SORBI_3008G164450;SORBI_3008G079600;SORBI_3004G180500;SORBI_3007G151100;SORBI_3006G091900;SORBI_3006G091600;SORBI_3006G091800;SORBI_3006G091700;SORBI_3001G329800"
"PWY-7411","phosphatidate biosynthesis (yeast)",32,0.0137647635826996,8.38478726058786e-05,0.000909467344128441,0.0187482591861378,6.28815329806187e-08,9.99900009999e-05,0.000561587676848754,"SORBI_3003G326800;SORBI_3003G420800;SORBI_3003G443400;SORBI_3009G183300;SORBI_3007G223801;SORBI_3001G247500;SORBI_3002G081500;SORBI_3008G187200;SORBI_3002G267500;SORBI_3006G221500;SORBI_3001G206000;SORBI_3008G112100;SORBI_3005G197100;SORBI_3009G015800;SORBI_3009G188900;SORBI_3003G317500;SORBI_3002G325300;SORBI_3006G041266;SORBI_3001G493300;SORBI_3001G026100;SORBI_3001G283700;SORBI_3001G250200;SORBI_3001G099300;SORBI_3008G130800;SORBI_3005G214400;SORBI_3009G202600;SORBI_3009G162000;SORBI_3009G157000;SORBI_3003G114200;SORBI_3003G360700;SORBI_3003G229700;SORBI_3003G142500"
"PWY-7489","oryzalexin A, B, and C biosynthesis",2,0.000507008098363517,0.000328942212963517,0.00037913304687916,0.0005080354585975,1e-15,9.99900009999e-05,0.000561587676848754,"SORBI_3006G065300;SORBI_3006G041700"
"PWY0-1319","CDP-diacylglycerol biosynthesis II",21,0.0104498508678532,0.00131492071190604,0.00831821701735399,0.0123435281470674,7.06782613013601e-06,9.99900009999e-05,0.000561587676848754,"SORBI_3003G142500;SORBI_3003G229700;SORBI_3003G360700;SORBI_3003G114200;SORBI_3009G157000;SORBI_3009G162000;SORBI_3009G202600;SORBI_3005G214400;SORBI_3008G130800;SORBI_3001G099300;SORBI_3001G250200;SORBI_3001G283700;SORBI_3001G026100;SORBI_3001G493300;SORBI_3006G041266;SORBI_3002G325300;SORBI_3003G073800;SORBI_3003G301900;SORBI_3005G149300;SORBI_3004G025400;SORBI_3002G167100"
"PWY4FS-2","phosphatidylcholine biosynthesis II",13,0.000197092157481322,0.00295460206658825,0.131222336137247,0.000197140060408246,2.61079868835168e-09,9.99900009999e-05,0.000561587676848754,"SORBI_3010G187100;SORBI_3010G077100;SORBI_3004G016400;SORBI_3004G058200;SORBI_3007G051200;SORBI_3001G282900;SORBI_3003G354500;SORBI_3003G266600;SORBI_3003G266500;SORBI_3009G120400;SORBI_3009G218900;SORBI_3004G291700;SORBI_3001G219800"
"PWY4FS-3","phosphatidylcholine biosynthesis III",8,0.000121247666510993,0.000233489908577834,0.0203917883161101,0.000121321559983773,4.68758365457234e-12,9.99900009999e-05,0.000561587676848754,"SORBI_3004G212500;SORBI_3003G354500;SORBI_3003G266600;SORBI_3003G266500;SORBI_3009G120400;SORBI_3009G218900;SORBI_3004G291700;SORBI_3001G219800"
"PWY4FS-4","phosphatidylcholine biosynthesis IV",7,0.000106088908818527,9.603748386867e-05,0.010119567233526,0.000106157169963413,4.03788114056169e-13,9.99900009999e-05,0.000561587676848754,"SORBI_3003G354500;SORBI_3003G266600;SORBI_3003G266500;SORBI_3009G120400;SORBI_3009G218900;SORBI_3004G291700;SORBI_3001G219800"
"PWY4FS-6","phosphatidylethanolamine biosynthesis II",9,0.000359274911051234,0.0303199263112653,0.201209638148219,0.000358826761892303,2.41252695598604e-09,9.99900009999e-05,0.000561587676848754,"SORBI_3010G077100;SORBI_3004G016400;SORBI_3005G017200;SORBI_3007G079400;SORBI_3003G277700;SORBI_3003G040700;SORBI_3009G211000;SORBI_3002G053600;SORBI_3002G214400"
"PWY4LZ-81","Organic Nitrogen Assimilation",20,2.07206432280096e-11,3.7190214614125e-11,0.00013612203540885,2.07199999997961e-11,1e-15,9.99900009999e-05,0.000561587676848754,"SORBI_3007G174600;SORBI_3004G209300;SORBI_3005G150250;SORBI_3009G225700;SORBI_3003G258800;SORBI_3010G060800;SORBI_3002G402700;SORBI_3004G247000;SORBI_3001G231000;SORBI_3001G116400;SORBI_3001G451500;SORBI_3006G249400;SORBI_3004G351000;SORBI_3006G270100;SORBI_3001G026900;SORBI_3002G090200;SORBI_3002G090300;SORBI_3001G325200;SORBI_3001G156100;SORBI_3004G268100"
"PWYIO2-7","triacylglycerol biosynthesis (Chlamydomonas)",53,5.4105811392378e-11,1e-15,1.00665660846511e-08,5.41076999985638e-11,1e-15,9.99900009999e-05,0.000561587676848754,"SORBI_3004G341900;SORBI_3002G218500;SORBI_3003G317500;SORBI_3009G188900;SORBI_3009G015800;SORBI_3005G197100;SORBI_3008G112100;SORBI_3001G206000;SORBI_3006G221500;SORBI_3002G267500;SORBI_3003G142500;SORBI_3003G229700;SORBI_3003G360700;SORBI_3003G114200;SORBI_3009G157000;SORBI_3009G162000;SORBI_3009G202600;SORBI_3005G214400;SORBI_3008G130800;SORBI_3001G099300;SORBI_3001G250200;SORBI_3001G283700;SORBI_3001G026100;SORBI_3001G493300;SORBI_3006G041266;SORBI_3002G325300;SORBI_3010G134400;SORBI_3010G170000;SORBI_3003G309600;SORBI_3003G258000;SORBI_3009G072700;SORBI_3009G226600;SORBI_3009G040250;SORBI_3009G034600;SORBI_3008G049000;SORBI_3004G261900;SORBI_3006G034200;SORBI_3002G020000;SORBI_3002G260000;SORBI_3010G193300;SORBI_3010G190300;SORBI_3003G265100;SORBI_3003G249000;SORBI_3003G078700;SORBI_3009G165400;SORBI_3009G221500;SORBI_3005G187300;SORBI_3004G293100;SORBI_3004G268300;SORBI_3007G108500;SORBI_3001G049300;SORBI_3001G408400;SORBI_3002G165140"
"PWYQT-4449","polyisoprenoid biosynthesis",5,2.37459063159074e-06,1.44292662097703e-10,4.37214153092425e-10,3.15764601170111e-06,1e-15,9.99900009999e-05,0.000561587676848754,"SORBI_3003G270500;SORBI_3009G216800;SORBI_3006G248000;SORBI_3002G353300;SORBI_3009G246400"
"SUCSYN-PWY","sucrose biosynthesis I (from photosynthesis)",33,6.62640089085488e-09,0.0129243076776279,0.665347406068559,6.6263999787107e-09,1e-15,9.99900009999e-05,0.000561587676848754,"SORBI_3001G071800;SORBI_3002G230600;SORBI_3010G219700;SORBI_3003G367500;SORBI_3009G152700;SORBI_3001G425400;SORBI_3010G188300;SORBI_3003G096000;SORBI_3003G393900;SORBI_3005G056400;SORBI_3008G053200;SORBI_3004G146000;SORBI_3010G262466;SORBI_3010G262500;SORBI_3010G262433;SORBI_3010G100200;SORBI_3009G016700;SORBI_3005G159000;SORBI_3004G056400;SORBI_3004G205100;SORBI_3007G025400;SORBI_3010G221800;SORBI_3009G183700;SORBI_3004G055200;SORBI_3001G236800;SORBI_3009G041000;SORBI_3009G040900;SORBI_3004G151800;SORBI_3010G205100;SORBI_3003G403300;SORBI_3009G233200;SORBI_3005G089600;SORBI_3004G068400"
"TRIGLSYN-PWY","diacylglycerol and triacylglycerol biosynthesis",53,5.4105811392378e-11,1e-15,1.00665660846511e-08,5.41076999985638e-11,1e-15,9.99900009999e-05,0.000561587676848754,"SORBI_3002G218500;SORBI_3004G341900;SORBI_3003G317500;SORBI_3009G188900;SORBI_3009G015800;SORBI_3005G197100;SORBI_3008G112100;SORBI_3001G206000;SORBI_3006G221500;SORBI_3002G267500;SORBI_3003G142500;SORBI_3003G229700;SORBI_3003G360700;SORBI_3003G114200;SORBI_3009G157000;SORBI_3009G162000;SORBI_3009G202600;SORBI_3005G214400;SORBI_3008G130800;SORBI_3001G099300;SORBI_3001G250200;SORBI_3001G283700;SORBI_3001G026100;SORBI_3001G493300;SORBI_3006G041266;SORBI_3002G325300;SORBI_3010G134400;SORBI_3010G170000;SORBI_3003G309600;SORBI_3003G258000;SORBI_3009G072700;SORBI_3009G226600;SORBI_3009G040250;SORBI_3009G034600;SORBI_3008G049000;SORBI_3004G261900;SORBI_3006G034200;SORBI_3002G020000;SORBI_3002G260000;SORBI_3010G193300;SORBI_3010G190300;SORBI_3003G265100;SORBI_3003G249000;SORBI_3003G078700;SORBI_3009G165400;SORBI_3009G221500;SORBI_3005G187300;SORBI_3004G293100;SORBI_3004G268300;SORBI_3007G108500;SORBI_3001G049300;SORBI_3001G408400;SORBI_3002G165140"
"TYRFUMCAT-PWY","L-tyrosine degradation I",8,0.0338907549390793,0.000692160767806913,0.00482471523951662,0.0755657969882772,1.58074167873057e-05,9.99900009999e-05,0.000561587676848754,"SORBI_3003G045600;SORBI_3005G200300;SORBI_3004G080100;SORBI_3004G182800;SORBI_3010G001600;SORBI_3004G053700;SORBI_3002G104200;SORBI_3002G105600"
"VALSYN-PWY","L-valine biosynthesis",6,6.8915687232601e-07,2.17657939839662e-06,2.37784011009555e-05,6.89159802107735e-07,1e-15,9.99900009999e-05,0.000561587676848754,"SORBI_3005G082200;SORBI_3004G210000;SORBI_3004G155800;SORBI_3003G239900;SORBI_3009G239900;SORBI_3007G167800"
"NONOXIPENT-PWY","pentose phosphate pathway (non-oxidative branch)",14,0.00696963829292003,0.0148385933323047,0.130719442197508,0.00884756790284427,5.82429166229304e-06,0.0001999800019998,0.00109322401093224,"SORBI_3003G182400;SORBI_3005G033000;SORBI_3008G135701;SORBI_3001G069000;SORBI_3002G051100;SORBI_3001G491000;SORBI_3002G257300;SORBI_3010G024000;SORBI_3010G023700;SORBI_3009G062800;SORBI_3007G078400;SORBI_3006G034300;SORBI_3003G410500;SORBI_3007G043400"
"PWY-5142","acyl-[acyl-carrier protein] thioesterase pathway",9,0.0365473292498875,0.002514629180827,0.00145978392791285,0.081148969800451,5.02693436768009e-05,0.0001999800019998,0.00109322401093224,"SORBI_3003G337500;SORBI_3008G029200;SORBI_3004G293800;SORBI_3004G294000;SORBI_3004G293900;SORBI_3006G259300;SORBI_3006G171900;SORBI_3002G256800;SORBI_3002G256900"
"PWY-4203","volatile benzenoid biosynthesis I (ester formation)",28,0.0107218538580329,0.00525593980815699,0.177165956042299,0.0193540768168611,8.65485585921366e-06,0.0002999700029997,0.00159724287311529,"SORBI_3006G209200;SORBI_3006G209300;SORBI_3006G209000;SORBI_3010G040700;SORBI_3010G040200;SORBI_3010G259500;SORBI_3010G259300;SORBI_3010G259600;SORBI_3010G204000;SORBI_3010G179900;SORBI_3007G203600;SORBI_3001G273200;SORBI_3001G277800;SORBI_3001G271600;SORBI_3001G201800;SORBI_3006G020200;SORBI_3006G020300;SORBI_3006G019700;SORBI_3006G247400;SORBI_3010G130500;SORBI_3010G011700;SORBI_3003G269700;SORBI_3005G226200;SORBI_3004G036100;SORBI_3004G036200;SORBI_3002G044800;SORBI_3002G044700;SORBI_3002G302400"
"PWY-7634","vernolate biosynthesis II",12,0.00348385591466253,0.043341727709654,0.172662349802534,0.00349311497164307,3.73338735426554e-05,0.0002999700029997,0.00159724287311529,"SORBI_3010G231600;SORBI_3010G197700;SORBI_3003G076800;SORBI_3003G413800;SORBI_3003G076700;SORBI_3004G006100;SORBI_3001G195200;SORBI_3001G270200;SORBI_3001G195100;SORBI_3001G195500;SORBI_3006G066400;SORBI_3002G348900"
"PWY-6351","D-<i>myo</i>-inositol (1,4,5)-trisphosphate biosynthesis",31,0.00151372924310696,0.0203537621320278,0.0837099564422182,0.00151828647158316,3.79758203038483e-05,0.0003999600039996,0.00210235386717738,"SORBI_3009G027800;SORBI_3005G018900;SORBI_3005G002000;SORBI_3008G090600;SORBI_3008G002000;SORBI_3001G408001;SORBI_3002G430500;SORBI_3010G223300;SORBI_3006G060000;SORBI_3010G145900;SORBI_3010G118200;SORBI_3003G127200;SORBI_3009G253700;SORBI_3005G104500;SORBI_3004G130300;SORBI_3001G118000;SORBI_3006G258500;SORBI_3002G235900;SORBI_3010G279800;SORBI_3005G031700;SORBI_3008G011901;SORBI_3007G154701;SORBI_3001G121900;SORBI_3001G429500;SORBI_3001G203400;SORBI_3001G294100;SORBI_3001G367301;SORBI_3001G124100;SORBI_3002G403100;SORBI_3002G223600;SORBI_3002G292800"
"PWY-6014","vernolate biosynthesis I",12,0.00348385591466253,0.043341727709654,0.172662349802534,0.00349311497164307,3.73338736100459e-05,0.0004999500049995,0.00253061113641722,"SORBI_3010G231600;SORBI_3010G197700;SORBI_3003G076800;SORBI_3003G413800;SORBI_3003G076700;SORBI_3004G006100;SORBI_3001G195200;SORBI_3001G270200;SORBI_3001G195100;SORBI_3001G195500;SORBI_3006G066400;SORBI_3002G348900"
"PWY-6352","3-phosphoinositide biosynthesis",42,0.00202266101595574,0.00618472396689555,0.0208901812932784,0.00205647899298057,4.76627427273835e-05,0.0004999500049995,0.00253061113641722,"SORBI_3010G072400;SORBI_3004G321100;SORBI_3007G008900;SORBI_3001G162700;SORBI_3001G481900;SORBI_3010G107000;SORBI_3010G279300;SORBI_3003G373500;SORBI_3007G133000;SORBI_3007G146400;SORBI_3007G004500;SORBI_3001G345100;SORBI_3006G280400;SORBI_3002G196600;SORBI_3009G179600;SORBI_3005G137500;SORBI_3008G018500;SORBI_3007G088100;SORBI_3010G279800;SORBI_3005G031700;SORBI_3008G011901;SORBI_3007G154701;SORBI_3001G121900;SORBI_3001G429500;SORBI_3001G203400;SORBI_3001G294100;SORBI_3001G367301;SORBI_3001G124100;SORBI_3002G403100;SORBI_3002G223600;SORBI_3002G292800;SORBI_3010G223300;SORBI_3006G060000;SORBI_3010G145900;SORBI_3010G118200;SORBI_3003G127200;SORBI_3009G253700;SORBI_3005G104500;SORBI_3004G130300;SORBI_3001G118000;SORBI_3006G258500;SORBI_3002G235900"
"PWY-6710","poly-hydroxy fatty acids biosynthesis",12,0.00348385591466253,0.043341727709654,0.172662349802534,0.00349311497164307,3.73338735425444e-05,0.0004999500049995,0.00253061113641722,"SORBI_3010G231600;SORBI_3010G197700;SORBI_3003G076800;SORBI_3003G413800;SORBI_3003G076700;SORBI_3004G006100;SORBI_3001G195200;SORBI_3001G270200;SORBI_3001G195100;SORBI_3001G195500;SORBI_3006G066400;SORBI_3002G348900"
"GALACTMETAB-PWY","UDP-galactose biosynthesis (salvage pathway from galactose using UDP-glucose)",9,0.0360167976325813,0.000953836044648752,0.00439537115736988,0.0874788337402978,3.89498441110137e-05,0.0005999400059994,0.002999700029997,"SORBI_3009G168600;SORBI_3004G013500;SORBI_3002G291200;SORBI_3010G251200;SORBI_3007G114500;SORBI_3001G372500;SORBI_3002G170100;SORBI_3002G271200;SORBI_3001G026000"
"PWY-5989","stearate biosynthesis II (bacteria and plants)",38,0.0555787012332521,0.00100965493391009,0.00253157954032887,0.145065801357787,9.62807871995874e-05,0.000999900009999,0.00493926510963361,"SORBI_3006G272600;SORBI_3006G247200;SORBI_3006G247300;SORBI_3006G079500;SORBI_3008G051300;SORBI_3008G010800;SORBI_3005G054900;SORBI_3005G020300;SORBI_3005G033100;SORBI_3005G156100;SORBI_3009G031400;SORBI_3003G242000;SORBI_3003G303900;SORBI_3003G004900;SORBI_3003G258200;SORBI_3010G045500;SORBI_3010G045400;SORBI_3010G214900;SORBI_3002G256900;SORBI_3002G256800;SORBI_3006G171900;SORBI_3006G259300;SORBI_3004G293900;SORBI_3004G294000;SORBI_3004G293800;SORBI_3008G029200;SORBI_3003G337500;SORBI_3002G151000;SORBI_3007G225200;SORBI_3007G225300;SORBI_3007G112100;SORBI_3007G079600;SORBI_3009G150900;SORBI_3006G043700;SORBI_3007G209800;SORBI_3004G152800;SORBI_3004G178100;SORBI_3008G087300"
"CALVIN-PWY","Calvin-Benson-Bassham cycle",38,0.0174093822731532,0.0191659981706955,0.180840279498968,0.0238330914994573,0.000203444965762634,0.0013998600139986,0.0067522659498756,"SORBI_3003G182400;SORBI_3005G033000;SORBI_3008G135701;SORBI_3001G069000;SORBI_3002G051100;SORBI_3004G272100;SORBI_3006G200800;SORBI_3001G491000;SORBI_3002G257300;SORBI_3003G359100;SORBI_3010G024000;SORBI_3010G023700;SORBI_3009G062800;SORBI_3007G078400;SORBI_3006G034300;SORBI_3010G219700;SORBI_3003G367500;SORBI_3009G152700;SORBI_3001G425400;SORBI_3010G188300;SORBI_3003G096000;SORBI_3003G393900;SORBI_3005G056400;SORBI_3008G053200;SORBI_3004G146000;SORBI_3003G072300;SORBI_3003G352300;SORBI_3002G277100;SORBI_3001G519800;SORBI_3006G105900;SORBI_3010G221800;SORBI_3009G183700;SORBI_3004G055200;SORBI_3001G236800;SORBI_3003G172800;SORBI_3005G042000;SORBI_3005G194400;SORBI_3007G080150"
"PWY-5987","sorgoleone biosynthesis",22,0.0444285927596164,0.00133630802820258,0.00148877638156716,0.0840710048563722,0.000463158757454618,0.0013998600139986,0.0067522659498756,"SORBI_3005G002800;SORBI_3008G003200;SORBI_3008G002800;SORBI_3009G037300;SORBI_3009G037200;SORBI_3005G135800;SORBI_3005G164300;SORBI_3005G134900;SORBI_3005G134700;SORBI_3005G134400;SORBI_3005G164200;SORBI_3008G036800;SORBI_3004G175800;SORBI_3004G179000;SORBI_3007G170400;SORBI_3002G310400;SORBI_3002G310500;SORBI_3002G063800;SORBI_3005G002700;SORBI_3004G260600;SORBI_3004G260800;SORBI_3002G045000"
"THIOREDOX-PWY","thioredoxin pathway",20,0.0211692924831694,0.00902719804764823,0.0677818009363341,0.0270540976273641,0.000259647816891695,0.0020997900209979,0.0100106268442923,"SORBI_3010G135000;SORBI_3010G216200;SORBI_3003G418500;SORBI_3003G163700;SORBI_3003G163500;SORBI_3009G073000;SORBI_3005G154000;SORBI_3008G117800;SORBI_3004G300900;SORBI_3004G156900;SORBI_3004G262300;SORBI_3004G216600;SORBI_3007G162300;SORBI_3001G197600;SORBI_3001G010900;SORBI_3006G054600;SORBI_3006G141700;SORBI_3002G039100;SORBI_3002G401800;SORBI_3002G035000"
"PWY-2541","phytosterol biosynthesis (plants)",27,0.0145249944685645,0.0074633790717679,0.0271898894229329,0.0177353526034268,4.57153188412329e-05,0.0024997500249975,0.0117804311522871,"SORBI_3009G178000;SORBI_3007G137300;SORBI_3001G386700;SORBI_3003G083300;SORBI_3002G264300;SORBI_3001G350200;SORBI_3001G343000;SORBI_3001G343832;SORBI_3001G343400;SORBI_3001G343300;SORBI_3001G343601;SORBI_3001G519400;SORBI_3001G343500;SORBI_3001G343100;SORBI_3001G349200;SORBI_3004G261300;SORBI_3005G048700;SORBI_3003G166500;SORBI_3001G513600;SORBI_3003G106800;SORBI_3003G107400;SORBI_3003G106400;SORBI_3003G107600;SORBI_3003G106300;SORBI_3003G106600;SORBI_3009G025700;SORBI_3009G031100"
"PWY-5971","palmitate biosynthesis II (bacteria and plants)",43,0.0620465048440741,0.00150308972559112,0.00424964316223869,0.162516103793323,0.000576916028230956,0.0033996600339966,0.0158393251583933,"SORBI_3001G397400;SORBI_3001G397500;SORBI_3006G272600;SORBI_3006G247200;SORBI_3006G247300;SORBI_3006G079500;SORBI_3008G051300;SORBI_3008G010800;SORBI_3005G054900;SORBI_3005G020300;SORBI_3005G033100;SORBI_3005G156100;SORBI_3009G031400;SORBI_3003G242000;SORBI_3003G303900;SORBI_3003G004900;SORBI_3003G258200;SORBI_3010G045500;SORBI_3010G045400;SORBI_3010G214900;SORBI_3007G079600;SORBI_3009G150900;SORBI_3002G256900;SORBI_3002G256800;SORBI_3006G171900;SORBI_3006G259300;SORBI_3004G293900;SORBI_3004G294000;SORBI_3004G293800;SORBI_3008G029200;SORBI_3003G337500;SORBI_3002G151000;SORBI_3007G225200;SORBI_3007G225300;SORBI_3007G112100;SORBI_3006G043700;SORBI_3007G209800;SORBI_3004G152800;SORBI_3004G178100;SORBI_3008G087300;SORBI_3002G401301;SORBI_3004G080200;SORBI_3010G073500"
"LIPAS-PWY","triacylglycerol degradation",118,0.0781013589511048,0.00662857034809885,0.0807169657295684,0.275225169873849,0.000471781916060676,0.0036996300369963,0.0170432394962751,"SORBI_3003G239200;SORBI_3003G028900;SORBI_3003G274700;SORBI_3003G162400;SORBI_3001G261484;SORBI_3001G111700;SORBI_3001G484000;SORBI_3001G365600;SORBI_3002G194000;SORBI_3002G177200;SORBI_3002G302900;SORBI_3002G139100;SORBI_3001G024200;SORBI_3004G319300;SORBI_3008G125200;SORBI_3005G204900;SORBI_3003G146900;SORBI_3003G390800;SORBI_3010G200900;SORBI_3010G037600;SORBI_3010G106500;SORBI_3010G193400;SORBI_3010G211900;SORBI_3010G081100;SORBI_3010G093300;SORBI_3010G270900;SORBI_3010G270500;SORBI_3010G200000;SORBI_3010G270800;SORBI_3010G189000;SORBI_3010G233700;SORBI_3010G105800;SORBI_3010G218800;SORBI_3010G270700;SORBI_3010G001700;SORBI_3010G038500;SORBI_3010G047800;SORBI_3010G168700;SORBI_3003G432600;SORBI_3003G283400;SORBI_3003G110600;SORBI_3003G341900;SORBI_3003G295100;SORBI_3003G038000;SORBI_3003G176000;SORBI_3003G304200;SORBI_3003G433000;SORBI_3003G205900;SORBI_3009G135100;SORBI_3009G125300;SORBI_3009G048100;SORBI_3009G200100;SORBI_3009G141300;SORBI_3009G168500;SORBI_3005G111400;SORBI_3005G144300;SORBI_3008G133200;SORBI_3008G037500;SORBI_3008G170100;SORBI_3008G077800;SORBI_3004G130500;SORBI_3004G071300;SORBI_3004G215500;SORBI_3004G310000;SORBI_3004G260400;SORBI_3004G297600;SORBI_3004G016600;SORBI_3004G072900;SORBI_3004G072400;SORBI_3004G266700;SORBI_3004G080600;SORBI_3004G344100;SORBI_3004G001200;SORBI_3004G243500;SORBI_3004G248500;SORBI_3004G286800;SORBI_3004G286700;SORBI_3004G146600;SORBI_3007G187000;SORBI_3007G194800;SORBI_3007G014100;SORBI_3007G036900;SORBI_3007G162200;SORBI_3001G135600;SORBI_3001G182200;SORBI_3001G182300;SORBI_3001G041900;SORBI_3001G182500;SORBI_3001G228100;SORBI_3001G269200;SORBI_3001G003600;SORBI_3001G238800;SORBI_3001G484100;SORBI_3001G182600;SORBI_3001G275400;SORBI_3001G117000;SORBI_3001G295700;SORBI_3001G394000;SORBI_3006G178200;SORBI_3006G128100;SORBI_3006G118800;SORBI_3006G187300;SORBI_3006G248100;SORBI_3006G037500;SORBI_3006G140801;SORBI_3006G178300;SORBI_3002G113700;SORBI_3002G372200;SORBI_3002G140700;SORBI_3002G156700;SORBI_3002G409000;SORBI_3002G141100;SORBI_3002G033000;SORBI_3002G033100;SORBI_3002G379800;SORBI_3002G422200;SORBI_3002G280500;SORBI_3002G192700"
"PWY-6527","stachyose degradation",11,0.0429716843967004,0.00124235012651705,0.00217269580298922,0.105854806837664,0.0105594645839916,0.0038996100389961,0.0175696716042681,"SORBI_3009G168600;SORBI_3004G013500;SORBI_3002G291200;SORBI_3010G251200;SORBI_3001G026000;SORBI_3007G219900;SORBI_3007G114500;SORBI_3001G372500;SORBI_3002G170100;SORBI_3002G271200;SORBI_3002G047500"
"PWY-7184","pyrimidine deoxyribonucleotides <i>de novo</i> biosynthesis I",42,0.0241095885170287,0.0390384059803588,0.221152841222012,0.0347068196233107,0.000777010309228721,0.0038996100389961,0.0175696716042681,"SORBI_3005G115500;SORBI_3002G420600;SORBI_3001G356200;SORBI_3001G518200;SORBI_3001G385000;SORBI_3007G137900;SORBI_3008G022100;SORBI_3008G021900;SORBI_3005G085901;SORBI_3005G018300;SORBI_3005G099500;SORBI_3005G086000;SORBI_3005G018200;SORBI_3009G166600;SORBI_3009G211900;SORBI_3006G134900;SORBI_3004G336100;SORBI_3005G195700;SORBI_3010G106300;SORBI_3010G054600;SORBI_3003G152900;SORBI_3002G392800;SORBI_3010G148866;SORBI_3001G142000;SORBI_3002G008500;SORBI_3002G303700;SORBI_3006G038800;SORBI_3006G036700;SORBI_3001G230200;SORBI_3007G190200;SORBI_3007G194100;SORBI_3004G202900;SORBI_3008G140100;SORBI_3008G140300;SORBI_3003G326100;SORBI_3003G030700;SORBI_3002G306900;SORBI_3001G295200;SORBI_3004G184500;SORBI_3008G091400;SORBI_3008G123600;SORBI_3009G259200"
"PWY-3742","tetrahydrofolate biosynthesis II",20,0.0407953237980563,0.00846995439285897,0.0564089164321483,0.0847093168981965,0.00105045599490527,0.0047995200479952,0.021389165431283,"SORBI_3009G045800;SORBI_3004G018000;SORBI_3002G172600;SORBI_3002G220200;SORBI_3001G535500;SORBI_3001G201900;SORBI_3003G003200;SORBI_3009G088800;SORBI_3008G001400;SORBI_3004G122800;SORBI_3010G250200;SORBI_3005G115500;SORBI_3008G125100;SORBI_3008G177850;SORBI_3008G137200;SORBI_3003G146800;SORBI_3002G376200;SORBI_3007G172600;SORBI_3002G296500;SORBI_3006G254100"
"PWY-46","putrescine biosynthesis III",6,0.0502217462674876,0.00412412161194614,0.00115725167304273,0.110550293141491,0.521918709589561,0.0050994900509949,0.0224816228054614,"SORBI_3005G156000;SORBI_3004G319100;SORBI_3002G282800;SORBI_3002G302100;SORBI_3002G282900;SORBI_3002G284000"
"PWY-4302","aerobic respiration III (alternative oxidase pathway)",62,0.0207164308972257,0.0325009253549325,0.299400388338749,0.0328145043145157,0.000837095377874353,0.005999400059994,0.0261675960063568,"SORBI_3010G201266;SORBI_3010G098800;SORBI_3003G170300;SORBI_3003G172966;SORBI_3003G296800;SORBI_3003G429200;SORBI_3003G173032;SORBI_3003G168300;SORBI_3003G416200;SORBI_3003G322300;SORBI_3003G429300;SORBI_3003G135600;SORBI_3003G286200;SORBI_3003G429000;SORBI_3003G279200;SORBI_3003G173200;SORBI_3009G176000;SORBI_3009G209400;SORBI_3009G095720;SORBI_3009G191400;SORBI_3005G031000;SORBI_3004G166400;SORBI_3004G344800;SORBI_3004G249200;SORBI_3004G155100;SORBI_3007G211500;SORBI_3007G172300;SORBI_3007G134900;SORBI_3007G168400;SORBI_3007G133500;SORBI_3001G286200;SORBI_3001G164350;SORBI_3001G282500;SORBI_3001G473400;SORBI_3001G519000;SORBI_3001G073600;SORBI_3001G134200;SORBI_3001G115700;SORBI_3001G230050;SORBI_3001G251750;SORBI_3001G392800;SORBI_3002G149550;SORBI_3002G254500;SORBI_3002G396700;SORBI_3002G246200;SORBI_3002G308300;SORBI_3002G356400;SORBI_3002G395000;SORBI_3002G149000;SORBI_3002G028700;SORBI_3002G185100;SORBI_3001G206700;SORBI_3001G072000;SORBI_3007G023400;SORBI_3010G015200;SORBI_3010G031000;SORBI_3004G270500;SORBI_3006G202500;SORBI_3006G202600;SORBI_3006G258700;SORBI_3006G203000;SORBI_3006G258800"
"PWY-6360","flavonol glucosylation I",23,0.0718948787125207,0.00104563693944486,0.0144766670481901,0.134120044450388,0.00185671186864578,0.0076992300769923,0.0332282561217562,"SORBI_3002G173500;SORBI_3002G188900;SORBI_3002G311900;SORBI_3002G173600;SORBI_3006G242900;SORBI_3006G153100;SORBI_3006G251301;SORBI_3006G242200;SORBI_3001G084300;SORBI_3001G084700;SORBI_3001G084600;SORBI_3007G223900;SORBI_3004G224400;SORBI_3009G024650;SORBI_3010G068300;SORBI_3010G117000;SORBI_3010G116900;SORBI_3010G178100;SORBI_3010G113200;SORBI_3005G192200;SORBI_3004G087300;SORBI_3002G085800;SORBI_3002G312100"
"PWY-6443","benzoate biosynthesis I (CoA-dependent, &beta;-oxidative)",104,0.112556331527497,0.00294583366096162,0.0127436267620686,0.413158837511856,0.00261480594492758,0.0081991800819918,0.0350173316001733,"SORBI_3002G164400;SORBI_3002G042300;SORBI_3002G228400;SORBI_3002G395300;SORBI_3002G193400;SORBI_3002G041533;SORBI_3002G228500;SORBI_3002G042200;SORBI_3002G395200;SORBI_3002G394700;SORBI_3002G228000;SORBI_3002G041800;SORBI_3002G019900;SORBI_3002G228600;SORBI_3002G227900;SORBI_3002G042100;SORBI_3002G370000;SORBI_3002G227800;SORBI_3002G394900;SORBI_3002G042000;SORBI_3002G224800;SORBI_3006G098300;SORBI_3006G098400;SORBI_3001G063000;SORBI_3001G095750;SORBI_3001G431500;SORBI_3001G258600;SORBI_3001G258500;SORBI_3001G435000;SORBI_3007G157500;SORBI_3007G157800;SORBI_3007G156600;SORBI_3007G157900;SORBI_3007G157400;SORBI_3007G157550;SORBI_3007G157100;SORBI_3007G178900;SORBI_3007G041701;SORBI_3004G186500;SORBI_3004G266700;SORBI_3004G170600;SORBI_3004G111100;SORBI_3004G121200;SORBI_3004G133100;SORBI_3008G048501;SORBI_3008G124000;SORBI_3008G171100;SORBI_3008G074800;SORBI_3008G127000;SORBI_3005G099800;SORBI_3005G072200;SORBI_3005G097400;SORBI_3005G014400;SORBI_3005G089200;SORBI_3005G089000;SORBI_3005G014500;SORBI_3009G078900;SORBI_3009G078600;SORBI_3009G078700;SORBI_3009G098200;SORBI_3009G079000;SORBI_3009G078500;SORBI_3009G134600;SORBI_3009G136400;SORBI_3009G215400;SORBI_3009G136300;SORBI_3003G020500;SORBI_3003G020300;SORBI_3003G065501;SORBI_3003G065300;SORBI_3003G013100;SORBI_3003G037200;SORBI_3003G019800;SORBI_3003G020200;SORBI_3003G016600;SORBI_3003G019700;SORBI_3003G020400;SORBI_3003G016800;SORBI_3003G065600;SORBI_3003G392200;SORBI_3003G363300;SORBI_3003G019300;SORBI_3003G065400;SORBI_3010G156000;SORBI_3010G083300;SORBI_3010G044900;SORBI_3010G083400;SORBI_3010G044600;SORBI_3010G083200;SORBI_3010G044500;SORBI_3010G259500;SORBI_3010G259300;SORBI_3010G259600;SORBI_3010G204000;SORBI_3010G179900;SORBI_3007G203600;SORBI_3001G273200;SORBI_3001G277800;SORBI_3001G271600;SORBI_3001G201800;SORBI_3006G020200;SORBI_3006G020300;SORBI_3006G019700;SORBI_3006G247400"
"PWY-5048","rosmarinic acid biosynthesis I",25,0.0222980851153631,0.0412398200953031,0.277484178931413,0.026187577723791,0.00182338428707396,0.0084991500849915,0.0359242426272837,"SORBI_3004G220700;SORBI_3004G220400;SORBI_3004G220500;SORBI_3004G220300;SORBI_3004G220600;SORBI_3001G160500;SORBI_3006G148800;SORBI_3006G148900;SORBI_3003G337400;SORBI_3004G141200;SORBI_3002G126600;SORBI_3010G214900;SORBI_3004G062500;SORBI_3004G272700;SORBI_3007G089900;SORBI_3007G145600;SORBI_3001G518800;SORBI_3001G500800;SORBI_3001G465600;SORBI_3001G187000;SORBI_3002G009700;SORBI_3002G009600;SORBI_3003G008900;SORBI_3003G045600;SORBI_3005G200300"
"PWY-5137","fatty acid &beta;-oxidation III (unsaturated, odd number)",6,0.0105003822577326,0.0104925813393064,0.21929149807558,0.0110273878260674,0.00342385343102736,0.0106989301069893,0.0446855314468553,"SORBI_3003G025000;SORBI_3003G158300;SORBI_3003G024900;SORBI_3009G111400;SORBI_3009G207100;SORBI_3004G124200"
"PWY4FS-10","scopolin biosynthesis",6,0.00485735278043749,0.0261753139051753,0.127862762278682,0.00486134370263627,0.0322955684658708,0.0107989201079892,0.0446855314468553,"SORBI_3003G233100;SORBI_3003G233000;SORBI_3003G232900;SORBI_3001G459700;SORBI_3001G093100;SORBI_3002G366500"
"PWY-5723","Rubisco shunt",38,0.0186240825345131,0.125324800915213,0.317634642638649,0.0238330914994573,0.00193355598328049,0.0108989101089891,0.0446855314468553,"SORBI_3003G336000;SORBI_3008G116600;SORBI_3001G384100;SORBI_3010G027000;SORBI_3010G026925;SORBI_3001G426100;SORBI_3002G186900;SORBI_3003G244700;SORBI_3003G130800;SORBI_3005G034400;SORBI_3005G101400;SORBI_3008G033600;SORBI_3001G386900;SORBI_3001G057200;SORBI_3001G140700;SORBI_3001G290600;SORBI_3006G267200;SORBI_3002G054400;SORBI_3004G272100;SORBI_3006G200800;SORBI_3001G491000;SORBI_3002G257300;SORBI_3003G182400;SORBI_3005G033000;SORBI_3008G135701;SORBI_3001G069000;SORBI_3002G051100;SORBI_3003G410500;SORBI_3007G043400;SORBI_3006G034300;SORBI_3010G024000;SORBI_3010G023700;SORBI_3009G062800;SORBI_3007G078400;SORBI_3003G172800;SORBI_3005G042000;SORBI_3005G194400;SORBI_3007G080150"
"PWY-5083","NAD/NADH phosphorylation and dephosphorylation",52,0.018756162038522,0.0714653773418727,0.26757715589026,0.027595616123168,0.00189410718572292,0.0118988101189881,0.048302100483021,"SORBI_3010G201266;SORBI_3010G098800;SORBI_3003G170300;SORBI_3003G172966;SORBI_3003G296800;SORBI_3003G429200;SORBI_3003G173032;SORBI_3003G168300;SORBI_3003G416200;SORBI_3003G322300;SORBI_3003G429300;SORBI_3003G135600;SORBI_3003G286200;SORBI_3003G429000;SORBI_3003G279200;SORBI_3003G173200;SORBI_3009G176000;SORBI_3009G209400;SORBI_3009G095720;SORBI_3009G191400;SORBI_3005G031000;SORBI_3004G166400;SORBI_3004G344800;SORBI_3004G249200;SORBI_3004G155100;SORBI_3007G211500;SORBI_3007G172300;SORBI_3007G134900;SORBI_3007G168400;SORBI_3007G133500;SORBI_3001G286200;SORBI_3001G164350;SORBI_3001G282500;SORBI_3001G473400;SORBI_3001G519000;SORBI_3001G073600;SORBI_3001G134200;SORBI_3001G115700;SORBI_3001G230050;SORBI_3001G251750;SORBI_3001G392800;SORBI_3002G149550;SORBI_3002G254500;SORBI_3002G396700;SORBI_3002G246200;SORBI_3002G308300;SORBI_3002G356400;SORBI_3002G395000;SORBI_3003G432100;SORBI_3009G123700;SORBI_3005G068700;SORBI_3002G176800"
"PWY-1422","vitamin E biosynthesis (tocopherols)",13,0.121704785618868,0.00216408256344195,0.0159545658273686,0.119866586442586,0.53323902374992,0.0121987801219878,0.049034312255049,"SORBI_3003G320000;SORBI_3005G190800;SORBI_3008G022000;SORBI_3004G269800;SORBI_3006G183500;SORBI_3004G125800;SORBI_3008G171300;SORBI_3008G171000;SORBI_3010G215600;SORBI_3002G351600;SORBI_3004G053700;SORBI_3002G104200;SORBI_3002G105600"
